"Kod";"Nazwa";"ludność na 1 km2;2016;[osoba]";"ludność na 1 km2;2017;[osoba]";"ludność na 1 km2;2018;[osoba]";"ludność na 1 km2;2019;[osoba]";
0201011;"Bolesławiec (1)";1662;1658;1652;1649;
0201022;"Bolesławiec (2)";49;50;51;51;
0201032;"Gromadka (2)";20;20;20;20;
0201043;"Nowogrodziec (3)";87;87;87;86;
0201052;"Osiecznica (2)";17;17;17;17;
0201062;"Warta Bolesławiecka (2)";78;78;78;78;
0202011;"Bielawa (1)";838;834;830;825;
0202021;"Dzierżoniów (1)";1683;1677;1661;1651;
0202033;"Pieszyce (3)";151;150;149;148;
0202041;"Piława Górna (1)";314;310;309;305;
0202052;"Dzierżoniów (2)";65;65;65;64;
0202062;"Łagiewniki (2)";60;60;60;60;
0202073;"Niemcza (3)";78;77;77;76;
0203011;"Głogów (1)";1945;1942;1926;1908;
0203022;"Głogów (2)";78;79;79;80;
0203032;"Jerzmanowa (2)";77;78;80;81;
0203042;"Kotla (2)";35;35;35;35;
0203052;"Pęcław (2)";36;36;35;35;
0203062;"Żukowice (2)";51;51;50;51;
0204013;"Góra (3)";76;76;75;75;
0204022;"Jemielno (2)";25;25;24;24;
0204032;"Niechlów (2)";33;33;33;32;
0204043;"Wąsosz (3)";37;37;37;36;
0205011;"Jawor (1)";1249;1238;1226;1211;
0205023;"Bolków (3)";70;70;69;68;
0205032;"Męcinka (2)";34;34;34;34;
0205042;"Mściwojów (2)";57;57;57;56;
0205052;"Paszowice (2)";39;39;39;39;
0205062;"Wądroże Wielkie (2)";45;45;44;44;
0206011;"Karpacz (1)";126;124;122;120;
0206021;"Kowary (1)";299;297;293;289;
0206031;"Piechowice (1)";147;146;144;142;
0206041;"Szklarska Poręba (1)";88;89;88;88;
0206052;"Janowice Wielkie (2)";75;75;75;74;
0206062;"Jeżów Sudecki (2)";77;77;78;79;
0206072;"Mysłakowice (2)";117;116;116;115;
0206082;"Podgórzyn (2)";101;101;100;100;
0206092;"Stara Kamienica (2)";48;48;48;48;
0207011;"Kamienna Góra (1)";1082;1073;1061;1044;
0207022;"Kamienna Góra (2)";57;57;57;57;
0207033;"Lubawka (3)";80;80;79;79;
0207042;"Marciszów (2)";56;56;55;55;
0208011;"Duszniki-Zdrój (1)";213;212;208;204;
0208021;"Kłodzko (1)";1103;1095;1085;1077;
0208031;"Kudowa-Zdrój (1)";297;296;294;292;
0208041;"Nowa Ruda (1)";611;606;600;591;
0208051;"Polanica-Zdrój (1)";377;371;369;366;
0208063;"Bystrzyca Kłodzka (3)";57;56;56;56;
0208072;"Kłodzko (2)";68;68;68;68;
0208083;"Lądek-Zdrój (3)";72;71;71;70;
0208092;"Lewin Kłodzki (2)";37;37;37;37;
0208103;"Międzylesie (3)";39;38;38;38;
0208112;"Nowa Ruda (2)";85;84;83;83;
0208123;"Radków (3)";65;65;65;65;
0208133;"Stronie Śląskie (3)";52;52;52;51;
0208143;"Szczytna (3)";56;56;55;55;
0209011;"Chojnów (1)";2580;2551;2524;2494;
0209022;"Chojnów (2)";41;41;42;42;
0209032;"Krotoszyce (2)";49;49;49;49;
0209042;"Kunice (2)";72;73;74;76;
0209052;"Legnickie Pole (2)";61;62;61;61;
0209062;"Miłkowice (2)";76;77;77;78;
0209073;"Prochowice (3)";73;73;73;72;
0209082;"Ruja (2)";36;36;36;35;
0210011;"Lubań (1)";1328;1322;1313;1301;
0210021;"Świeradów-Zdrój (1)";205;203;202;198;
0210033;"Leśna (3)";98;97;96;95;
0210042;"Lubań (2)";47;46;46;46;
0210053;"Olszyna (3)";139;138;138;138;
0210062;"Platerówka (2)";34;34;34;34;
0210072;"Siekierczyn (2)";92;92;91;91;
0211011;"Lubin (1)";1794;1788;1780;1773;
0211022;"Lubin (2)";53;54;55;56;
0211032;"Rudna (2)";36;36;36;36;
0211043;"Ścinawa (3)";62;61;61;60;
0212013;"Gryfów Śląski (3)";147;147;146;145;
0212023;"Lubomierz (3)";47;48;47;48;
0212033;"Lwówek Śląski (3)";73;72;72;72;
0212043;"Mirsk (3)";47;47;46;46;
0212053;"Wleń (3)";51;50;49;49;
0213012;"Cieszków (2)";46;46;47;46;
0213022;"Krośnice (2)";46;46;46;46;
0213033;"Milicz (3)";56;56;56;56;
0214011;"Oleśnica (1)";1783;1780;1777;1772;
0214023;"Bierutów (3)";69;68;68;68;
0214032;"Dobroszyce (2)";49;50;51;52;
0214042;"Dziadowa Kłoda (2)";44;44;43;43;
0214053;"Międzybórz (3)";58;58;58;58;
0214062;"Oleśnica (2)";54;55;56;57;
0214073;"Syców (3)";116;116;116;116;
0214083;"Twardogóra (3)";78;78;78;77;
0215011;"Oława (1)";1198;1202;1203;1210;
0215022;"Domaniów (2)";56;55;55;55;
0215033;"Jelcz-Laskowice (3)";138;139;139;139;
0215042;"Oława (2)";64;65;65;65;
0216013;"Chocianów (3)";58;58;58;58;
0216022;"Gaworzyce (2)";52;52;52;52;
0216032;"Grębocice (2)";44;44;44;44;
0216043;"Polkowice (3)";164;164;165;165;
0216053;"Przemków (3)";80;79;78;78;
0216062;"Radwanice (2)";56;56;57;57;
0217012;"Borów (2)";54;54;54;53;
0217022;"Kondratowice (2)";45;44;44;44;
0217032;"Przeworno (2)";43;43;43;42;
0217043;"Strzelin (3)";129;129;129;129;
0217053;"Wiązów (3)";52;51;51;50;
0218012;"Kostomłoty (2)";49;49;49;49;
0218022;"Malczyce (2)";114;114;113;113;
0218032;"Miękinia (2)";84;86;90;95;
0218043;"Środa Śląska (3)";91;92;92;92;
0218052;"Udanin (2)";48;47;46;46;
0219011;"Świdnica (1)";2664;2650;2634;2610;
0219021;"Świebodzice (1)";753;751;750;747;
0219032;"Dobromierz (2)";62;62;61;61;
0219043;"Jaworzyna Śląska (3)";153;153;153;152;
0219052;"Marcinowice (2)";68;68;68;68;
0219063;"Strzegom (3)";181;180;179;178;
0219072;"Świdnica (2)";82;82;83;83;
0219083;"Żarów (3)";143;142;142;141;
0220013;"Oborniki Śląskie (3)";130;130;131;132;
0220023;"Prusice (3)";59;59;59;59;
0220033;"Trzebnica (3)";120;121;122;122;
0220042;"Wisznia Mała (2)";97;99;100;102;
0220052;"Zawonia (2)";50;50;51;50;
0220063;"Żmigród (3)";50;50;50;50;
0221011;"Boguszów-Gorce (1)";582;576;572;567;
0221021;"Jedlina-Zdrój (1)";283;280;278;276;
0221031;"Szczawno-Zdrój (1)";386;383;380;378;
0221042;"Czarny Bór (2)";73;73;73;73;
0221053;"Głuszyca (3)";141;140;139;139;
0221063;"Mieroszów (3)";91;91;90;89;
0221072;"Stare Bogaczowice (2)";49;49;49;49;
0221082;"Walim (2)";71;70;69;68;
0222013;"Brzeg Dolny (3)";170;170;171;171;
0222022;"Wińsko (2)";34;34;34;33;
0222033;"Wołów (3)";69;68;68;68;
0223012;"Czernica (2)";171;176;186;199;
0223022;"Długołęka (2)";139;144;151;159;
0223032;"Jordanów Śląski (2)";56;56;56;56;
0223043;"Kąty Wrocławskie (3)";132;136;139;143;
0223052;"Kobierzyce (2)";132;137;141;146;
0223062;"Mietków (2)";46;46;45;45;
0223073;"Sobótka (3)";94;94;94;95;
0223083;"Siechnice (3)";207;213;222;232;
0223092;"Żórawina (2)";86;88;90;93;
0224013;"Bardo (3)";74;73;73;72;
0224022;"Ciepłowody (2)";40;40;39;39;
0224032;"Kamieniec Ząbkowicki (2)";86;85;85;84;
0224042;"Stoszowice (2)";49;49;49;49;
0224053;"Ząbkowice Śląskie (3)";152;151;150;148;
0224063;"Ziębice (3)";79;78;77;76;
0224073;"Złoty Stok (3)";61;61;60;59;
0225011;"Zawidów (1)";701;697;695;689;
0225021;"Zgorzelec (1)";1958;1936;1922;1904;
0225033;"Bogatynia (3)";174;172;171;169;
0225043;"Pieńsk (3)";83;83;82;82;
0225052;"Sulików (2)";65;64;64;64;
0225063;"Węgliniec (3)";25;25;25;24;
0225072;"Zgorzelec (2)";61;62;62;62;
0226011;"Wojcieszów (1)";116;115;114;113;
0226021;"Złotoryja (1)";1379;1371;1360;1346;
0226032;"Pielgrzymka (2)";44;44;44;43;
0226043;"Świerzawa (3)";48;48;47;47;
0226052;"Zagrodno (2)";44;44;43;43;
0226062;"Złotoryja (2)";49;49;49;48;
0261011;"Jelenia Góra (1)";737;733;728;724;
0262011;"Legnica (1)";1789;1782;1772;1765;
0264011;"Wrocław (1)";2178;2181;2188;2195;
0265011;"Wałbrzych od 2013 (1)";1353;1341;1329;1315;
0401011;"Aleksandrów Kujawski (1)";1706;1697;1690;1674;
0401021;"Ciechocinek (1)";690;694;694;696;
0401031;"Nieszawa (1)";199;196;193;188;
0401042;"Aleksandrów Kujawski (2)";89;90;90;91;
0401052;"Bądkowo (2)";55;54;54;53;
0401062;"Koneck (2)";47;47;47;46;
0401072;"Raciążek (2)";96;95;97;95;
0401082;"Waganiec (2)";84;84;84;84;
0401092;"Zakrzewo (2)";47;47;46;46;
0402011;"Brodnica (1)";1237;1240;1243;1248;
0402022;"Bobrowo (2)";44;44;43;43;
0402032;"Brodnica (2)";64;65;66;67;
0402042;"Brzozie (2)";40;41;40;41;
0402053;"Górzno (3)";33;33;33;33;
0402062;"Bartniczka (2)";57;57;56;56;
0402073;"Jabłonowo Pomorskie (3)";67;67;66;66;
0402082;"Osiek (2)";54;54;54;54;
0402092;"Świedziebnia (2)";50;50;50;50;
0402102;"Zbiczno (2)";36;36;36;36;
0403012;"Białe Błota (2)";169;174;178;183;
0403022;"Dąbrowa Chełmińska (2)";66;66;67;67;
0403032;"Dobrcz (2)";87;89;90;91;
0403043;"Koronowo (3)";59;59;59;58;
0403052;"Nowa Wieś Wielka (2)";67;68;68;69;
0403062;"Osielsko (2)";131;135;140;145;
0403072;"Sicienko (2)";55;56;56;57;
0403083;"Solec Kujawski (3)";96;96;96;96;
0404011;"Chełmno (1)";1474;1468;1454;1439;
0404022;"Chełmno (2)";52;53;53;54;
0404032;"Kijewo Królewskie (2)";62;63;63;63;
0404042;"Lisewo (2)";61;61;61;60;
0404052;"Papowo Biskupie (2)";62;62;62;62;
0404062;"Stolno (2)";53;53;53;54;
0404072;"Unisław (2)";96;97;96;96;
0405011;"Golub-Dobrzyń (1)";1712;1710;1684;1673;
0405022;"Ciechocin (2)";40;40;40;40;
0405032;"Golub-Dobrzyń (2)";44;44;44;44;
0405043;"Kowalewo Pomorskie (3)";82;81;81;81;
0405052;"Radomin (2)";48;48;48;47;
0405062;"Zbójno (2)";52;52;52;52;
0406012;"Grudziądz (2)";76;76;77;78;
0406022;"Gruta (2)";53;53;52;52;
0406033;"Łasin (3)";59;59;58;57;
0406043;"Radzyń Chełmiński (3)";52;52;51;51;
0406052;"Rogóźno (2)";36;37;37;36;
0406062;"Świecie nad Osą (2)";45;45;44;44;
0407011;"Inowrocław (1)";2432;2419;2403;2385;
0407022;"Dąbrowa Biskupia (2)";35;35;35;35;
0407033;"Gniewkowo (3)";81;81;80;80;
0407042;"Inowrocław (2)";68;68;69;69;
0407053;"Janikowo (3)";145;144;143;142;
0407063;"Kruszwica (3)";75;74;74;73;
0407073;"Pakość (3)";114;113;113;113;
0407082;"Rojewo (2)";39;40;40;39;
0407092;"Złotniki Kujawskie (2)";68;68;68;67;
0408011;"Lipno (1)";1326;1328;1317;1308;
0408022;"Bobrowniki (2)";33;33;32;32;
0408032;"Chrostkowo (2)";40;40;39;39;
0408043;"Dobrzyń nad Wisłą (3)";68;67;67;66;
0408052;"Kikół (2)";73;73;72;72;
0408062;"Lipno (2)";57;57;56;57;
0408073;"Skępe (3)";43;42;42;42;
0408082;"Tłuchowo (2)";47;47;47;47;
0408092;"Wielgie (2)";51;51;50;50;
0409012;"Dąbrowa (2)";42;42;42;42;
0409022;"Jeziora Wielkie (2)";40;40;40;39;
0409033;"Mogilno (3)";97;97;96;96;
0409043;"Strzelno (3)";63;63;63;63;
0410013;"Kcynia (3)";45;45;45;45;
0410023;"Mrocza (3)";62;62;62;61;
0410033;"Nakło nad Notecią (3)";172;171;170;169;
0410042;"Sadki (2)";48;47;47;47;
0410053;"Szubin (3)";74;74;75;75;
0411011;"Radziejów (1)";990;991;985;969;
0411022;"Bytoń (2)";48;47;47;47;
0411032;"Dobre (2)";77;77;76;76;
0411042;"Osięciny (2)";63;63;62;62;
0411053;"Piotrków Kujawski (3)";68;67;67;67;
0411062;"Radziejów (2)";48;48;47;47;
0411072;"Topólka (2)";48;47;47;47;
0412011;"Rypin (1)";1503;1504;1492;1472;
0412022;"Brzuze (2)";62;62;62;61;
0412032;"Rogowo (2)";34;34;34;34;
0412042;"Rypin (2)";57;57;57;57;
0412052;"Skrwilno (2)";49;48;48;48;
0412062;"Wąpielsk (2)";43;43;43;43;
0413013;"Kamień Krajeński (3)";43;43;43;42;
0413023;"Sępólno Krajeńskie (3)";70;70;69;69;
0413032;"Sośno (2)";31;31;31;31;
0413043;"Więcbork (3)";57;57;57;57;
0414012;"Bukowiec (2)";46;46;46;46;
0414022;"Dragacz (2)";65;65;65;65;
0414032;"Drzycim (2)";46;46;46;45;
0414042;"Jeżewo (2)";52;52;52;52;
0414052;"Lniano (2)";49;48;49;49;
0414063;"Nowe (3)";98;97;96;95;
0414072;"Osie (2)";26;26;26;26;
0414082;"Pruszcz (2)";68;67;67;67;
0414093;"Świecie (3)";195;195;195;194;
0414102;"Świekatowo (2)";56;56;56;57;
0414112;"Warlubie (2)";33;32;32;32;
0415011;"Chełmża (1)";1884;1868;1854;1843;
0415022;"Chełmża (2)";55;55;55;55;
0415032;"Czernikowo (2)";53;53;53;53;
0415042;"Lubicz (2)";184;186;188;191;
0415052;"Łubianka (2)";81;83;84;86;
0415062;"Łysomice (2)";77;78;79;80;
0415072;"Obrowo (2)";98;102;106;109;
0415082;"Wielka Nieszawka (2)";23;24;24;24;
0415092;"Zławieś Wielka (2)";77;78;79;81;
0416012;"Cekcyn (2)";27;27;27;27;
0416022;"Gostycyn (2)";39;39;38;38;
0416032;"Kęsowo (2)";41;41;41;41;
0416042;"Lubiewo (2)";36;37;37;37;
0416052;"Śliwice (2)";32;32;32;32;
0416063;"Tuchola (3)";85;85;85;84;
0417011;"Wąbrzeźno (1)";1618;1612;1595;1585;
0417022;"Dębowa Łąka (2)";37;37;37;37;
0417032;"Książki (2)";49;49;49;48;
0417042;"Płużnica (2)";40;40;40;40;
0417052;"Ryńsk (2)";43;43;43;43;
0418011;"Kowal (1)";759;757;748;749;
0418022;"Baruchowo (2)";33;33;32;32;
0418032;"Boniewo (2)";45;44;44;43;
0418043;"Brześć Kujawski (3)";76;76;76;76;
0418052;"Choceń (2)";80;80;80;80;
0418063;"Chodecz (3)";50;50;49;49;
0418072;"Fabianki (2)";131;132;133;133;
0418083;"Izbica Kujawska (3)";59;59;58;58;
0418092;"Kowal (2)";34;34;34;34;
0418102;"Lubanie (2)";67;66;66;66;
0418113;"Lubień Kujawski (3)";49;49;49;49;
0418123;"Lubraniec (3)";65;65;64;64;
0418132;"Włocławek (2)";32;33;33;33;
0419013;"Barcin (3)";123;123;123;122;
0419022;"Gąsawa (2)";39;39;39;39;
0419033;"Janowiec Wielkopolski (3)";70;70;69;69;
0419043;"Łabiszyn (3)";60;60;61;61;
0419052;"Rogowo (2)";39;38;38;38;
0419063;"Żnin (3)";97;97;96;96;
0461011;"Bydgoszcz (1)";2011;2002;1990;1979;
0462011;"Grudziądz (1)";1661;1656;1646;1634;
0463011;"Toruń (1)";1750;1750;1746;1741;
0464011;"Włocławek (1)";1334;1325;1314;1303;
0601011;"Międzyrzec Podlaski (1)";849;845;839;836;
0601021;"Terespol (1)";560;553;550;550;
0601032;"Biała Podlaska (2)";43;44;44;44;
0601042;"Drelów (2)";24;24;24;24;
0601052;"Janów Podlaski (2)";40;40;39;39;
0601062;"Kodeń (2)";24;24;24;23;
0601072;"Konstantynów (2)";48;48;48;47;
0601082;"Leśna Podlaska (2)";44;44;43;44;
0601092;"Łomazy (2)";25;25;25;25;
0601102;"Międzyrzec Podlaski (2)";40;40;40;40;
0601112;"Piszczac (2)";43;43;42;42;
0601122;"Rokitno (2)";22;21;21;21;
0601132;"Rossosz (2)";30;30;29;29;
0601142;"Sławatycze (2)";33;33;33;32;
0601152;"Sosnówka (2)";17;17;16;16;
0601162;"Terespol (2)";48;48;48;47;
0601172;"Tuczna (2)";18;18;18;18;
0601182;"Wisznice (2)";29;29;29;28;
0601192;"Zalesie (2)";30;30;30;30;
0602011;"Biłgoraj (1)";1256;1258;1251;1248;
0602022;"Aleksandrów (2)";60;60;60;60;
0602032;"Biłgoraj (2)";50;51;51;51;
0602042;"Biszcza (2)";36;36;36;35;
0602053;"Frampol (3)";58;58;57;57;
0602062;"Goraj (2)";62;61;61;60;
0602073;"Józefów (3)";54;54;54;53;
0602082;"Księżpol (2)";49;49;49;49;
0602092;"Łukowa (2)";29;29;29;28;
0602102;"Obsza (2)";38;38;38;37;
0602112;"Potok Górny (2)";50;49;49;48;
0602123;"Tarnogród (3)";59;59;59;58;
0602132;"Tereszpol (2)";27;27;27;27;
0602142;"Turobin (2)";39;38;38;37;
0603011;"Rejowiec Fabryczny (1)";310;308;309;307;
0603022;"Białopole (2)";29;29;28;28;
0603032;"Chełm (2)";66;66;67;68;
0603042;"Dorohusk (2)";34;34;33;33;
0603052;"Dubienka (2)";26;25;25;24;
0603062;"Kamień (2)";42;43;43;43;
0603072;"Leśniowice (2)";32;31;31;30;
0603082;"Rejowiec Fabryczny (2)";49;49;48;48;
0603092;"Ruda-Huta (2)";41;41;40;40;
0603102;"Sawin (2)";30;29;29;29;
0603113;"Siedliszcze (3)";45;45;44;44;
0603122;"Wierzbica (2)";36;35;35;35;
0603132;"Wojsławice (2)";35;35;34;34;
0603142;"Żmudź (2)";23;23;23;22;
0603153;"Rejowiec (3)";;61;60;60;
0604011;"Hrubieszów (1)";547;542;537;531;
0604022;"Dołhobyczów (2)";26;26;26;25;
0604032;"Horodło (2)";41;40;40;39;
0604042;"Hrubieszów (2)";39;39;39;39;
0604052;"Mircze (2)";31;31;30;30;
0604062;"Trzeszczany (2)";47;47;46;45;
0604072;"Uchanie (2)";39;38;38;37;
0604082;"Werbkowice (2)";51;51;50;50;
0605012;"Batorz (2)";48;47;47;46;
0605022;"Chrzanów (2)";41;41;41;41;
0605032;"Dzwola (2)";32;32;31;31;
0605042;"Godziszów (2)";58;58;57;57;
0605053;"Janów Lubelski (3)";90;90;89;89;
0605063;"Modliborzyce (3)";46;46;46;46;
0605072;"Potok Wielki (2)";48;48;47;47;
0606011;"Krasnystaw (1)";451;449;446;442;
0606022;"Fajsławice (2)";65;65;65;65;
0606032;"Gorzków (2)";37;37;36;35;
0606042;"Izbica (2)";60;60;59;59;
0606052;"Krasnystaw (2)";58;58;57;57;
0606062;"Kraśniczyn (2)";34;34;33;33;
0606072;"Łopiennik Górny (2)";38;38;37;37;
0606092;"Rudnik (2)";35;34;34;34;
0606102;"Siennica Różana (2)";43;43;42;42;
0606112;"Żółkiewka (2)";43;42;42;41;
0607011;"Kraśnik (1)";1340;1334;1323;1311;
0607023;"Annopol (3)";58;58;57;57;
0607032;"Dzierzkowice (2)";61;61;61;60;
0607042;"Gościeradów (2)";46;46;45;45;
0607052;"Kraśnik (2)";71;71;70;70;
0607062;"Szastarka (2)";80;79;79;79;
0607072;"Trzydnik Duży (2)";62;62;62;62;
0607083;"Urzędów (3)";73;73;73;72;
0607092;"Wilkołaz (2)";68;68;68;68;
0607102;"Zakrzówek (2)";66;66;66;65;
0608011;"Lubartów (1)";1597;1592;1581;1569;
0608022;"Abramów (2)";49;48;48;48;
0608032;"Firlej (2)";47;47;47;47;
0608042;"Jeziorzany (2)";43;43;42;42;
0608052;"Kamionka (2)";58;58;58;58;
0608063;"Kock (3)";64;64;64;63;
0608072;"Lubartów (2)";72;73;74;74;
0608082;"Michów (2)";44;44;43;43;
0608092;"Niedźwiada (2)";66;65;65;65;
0608103;"Ostrów Lubelski (3)";44;43;43;43;
0608112;"Ostrówek (2)";44;44;43;43;
0608122;"Serniki (2)";65;65;65;65;
0608132;"Uścimów (2)";31;30;30;30;
0609013;"Bełżyce (3)";99;100;99;99;
0609022;"Borzechów (2)";56;56;56;56;
0609033;"Bychawa (3)";81;80;80;79;
0609042;"Garbów (2)";88;88;88;88;
0609052;"Głusk (2)";162;168;174;180;
0609062;"Jabłonna (2)";61;61;61;61;
0609072;"Jastków (2)";122;123;124;125;
0609082;"Konopnica (2)";144;147;149;151;
0609092;"Krzczonów (2)";35;35;34;34;
0609102;"Niedrzwica Duża (2)";110;111;111;112;
0609112;"Niemce (2)";135;136;138;140;
0609122;"Strzyżewice (2)";73;74;74;75;
0609132;"Wojciechów (2)";74;74;74;74;
0609142;"Wólka (2)";162;165;168;172;
0609152;"Wysokie (2)";40;40;39;39;
0609162;"Zakrzew (2)";39;39;38;38;
0610012;"Cyców (2)";54;53;54;53;
0610022;"Ludwin (2)";45;46;46;46;
0610033;"Łęczna (3)";313;312;311;309;
0610042;"Milejów (2)";79;79;78;78;
0610052;"Puchaczów (2)";61;61;62;62;
0610062;"Spiczyn (2)";68;69;69;69;
0611011;"Łuków (1)";851;848;840;832;
0611021;"Stoczek Łukowski (1)";282;279;277;273;
0611032;"Adamów (2)";58;58;57;57;
0611042;"Krzywda (2)";66;65;65;65;
0611052;"Łuków (2)";58;59;59;59;
0611062;"Serokomla (2)";52;52;51;51;
0611072;"Stanin (2)";61;61;61;60;
0611082;"Stoczek Łukowski (2)";46;46;45;45;
0611092;"Trzebieszów (2)";53;53;53;52;
0611102;"Wojcieszków (2)";64;64;63;63;
0611112;"Wola Mysłowska (2)";39;39;39;38;
0612012;"Chodel (2)";62;61;61;61;
0612023;"Józefów nad Wisłą (3)";;;47;46;
0612032;"Karczmiska (2)";60;60;59;59;
0612042;"Łaziska (2)";45;45;45;45;
0612053;"Opole Lubelskie (3)";90;90;89;88;
0612063;"Poniatowa (3)";172;171;169;167;
0612072;"Wilków (2)";58;58;57;57;
0613012;"Dębowa Kłoda (2)";21;21;21;21;
0613022;"Jabłoń (2)";36;35;35;35;
0613032;"Milanów (2)";34;33;33;32;
0613043;"Parczew (3)";100;100;99;98;
0613052;"Podedwórze (2)";16;16;15;15;
0613062;"Siemień (2)";42;41;41;41;
0613072;"Sosnowica (2)";15;15;15;15;
0614011;"Puławy (1)";959;953;946;939;
0614022;"Baranów (2)";47;46;46;46;
0614032;"Janowiec (2)";46;47;47;47;
0614043;"Kazimierz Dolny (3)";94;93;93;92;
0614052;"Końskowola (2)";99;99;99;98;
0614062;"Kurów (2)";77;76;76;76;
0614072;"Markuszów (2)";74;74;73;73;
0614083;"Nałęczów (3)";143;142;143;142;
0614092;"Puławy (2)";75;74;75;75;
0614102;"Wąwolnica (2)";76;75;75;74;
0614112;"Żyrzyn (2)";50;50;50;50;
0615011;"Radzyń Podlaski (1)";825;819;815;811;
0615022;"Borki (2)";54;54;54;54;
0615032;"Czemierniki (2)";41;41;41;40;
0615042;"Kąkolewnica (2)";56;56;55;54;
0615052;"Komarówka Podlaska (2)";31;31;31;30;
0615062;"Radzyń Podlaski (2)";52;52;52;52;
0615072;"Ulan-Majorat (2)";56;56;56;56;
0615082;"Wohyń (2)";38;38;38;37;
0616011;"Dęblin (1)";431;428;421;419;
0616022;"Kłoczew (2)";51;51;50;50;
0616032;"Nowodwór (2)";58;58;57;57;
0616043;"Ryki (3)";127;127;126;126;
0616052;"Stężyca (2)";45;45;44;44;
0616062;"Ułęż (2)";38;39;38;38;
0617011;"Świdnik (1)";1960;1952;1932;1923;
0617022;"Mełgiew (2)";101;102;103;105;
0617033;"Piaski (3)";62;62;62;62;
0617042;"Rybczewice (2)";35;35;35;34;
0617052;"Trawniki (2)";107;107;107;106;
0618011;"Tomaszów Lubelski (1)";1465;1457;1445;1432;
0618022;"Bełżec (2)";101;100;100;99;
0618032;"Jarczów (2)";33;33;32;32;
0618042;"Krynice (2)";45;45;44;44;
0618053;"Lubycza Królewska (3)";31;30;30;30;
0618063;"Łaszczów (3)";48;48;47;47;
0618072;"Rachanie (2)";56;55;55;54;
0618082;"Susiec (2)";40;40;39;39;
0618092;"Tarnawatka (2)";48;48;48;47;
0618102;"Telatyn (2)";37;36;36;35;
0618112;"Tomaszów Lubelski (2)";67;67;67;66;
0618123;"Tyszowce (3)";45;44;44;43;
0618132;"Ulhówek (2)";33;32;32;31;
0619011;"Włodawa (1)";747;743;736;727;
0619022;"Hanna (2)";21;21;21;20;
0619032;"Hańsk (2)";21;21;21;21;
0619042;"Stary Brus (2)";16;16;16;16;
0619052;"Urszulin (2)";24;24;24;24;
0619062;"Włodawa (2)";25;25;25;25;
0619072;"Wola Uhruska (2)";26;25;25;25;
0619082;"Wyryki (2)";12;12;12;12;
0620012;"Adamów (2)";43;43;43;42;
0620022;"Grabowiec (2)";32;32;31;31;
0620032;"Komarów-Osada (2)";42;41;41;40;
0620043;"Krasnobród (3)";57;57;56;56;
0620052;"Łabunie (2)";71;72;71;71;
0620062;"Miączyn (2)";38;38;37;37;
0620072;"Nielisz (2)";50;49;49;48;
0620082;"Radecznica (2)";54;53;52;51;
0620092;"Sitno (2)";61;61;60;60;
0620102;"Skierbieszów (2)";38;38;37;37;
0620112;"Stary Zamość (2)";54;54;53;53;
0620122;"Sułów (2)";50;49;49;48;
0620133;"Szczebrzeszyn (3)";93;92;91;90;
0620142;"Zamość (2)";116;117;118;118;
0620153;"Zwierzyniec (3)";45;45;44;44;
0661011;"Biała Podlaska (1)";1160;1165;1161;1157;
0662011;"Chełm (1)";1807;1795;1776;1755;
0663011;"Lublin (1)";2309;2305;2303;2304;
0664011;"Zamość (1)";2131;2121;2103;2091;
0801011;"Kostrzyn nad Odrą (1)";391;388;385;384;
0801022;"Bogdaniec (2)";64;64;64;64;
0801032;"Deszczno (2)";57;57;58;59;
0801042;"Kłodawa (2)";36;36;37;37;
0801052;"Lubiszyn (2)";33;34;33;34;
0801062;"Santok (2)";49;49;50;51;
0801073;"Witnica (3)";47;46;46;46;
0802011;"Gubin (1)";811;809;807;803;
0802022;"Bobrowice (2)";17;17;17;17;
0802032;"Bytnica (2)";12;12;12;12;
0802042;"Dąbie (2)";29;29;29;29;
0802052;"Gubin (2)";19;19;19;19;
0802063;"Krosno Odrzańskie (3)";85;85;84;83;
0802072;"Maszewo (2)";13;13;13;13;
0803012;"Bledzew (2)";18;18;18;18;
0803023;"Międzyrzecz (3)";80;80;79;79;
0803032;"Przytoczna (2)";31;31;30;30;
0803042;"Pszczew (2)";24;24;24;24;
0803053;"Skwierzyna (3)";43;43;43;42;
0803063;"Trzciel (3)";37;37;36;36;
0804011;"Nowa Sól (1)";1801;1793;1782;1773;
0804023;"Bytom Odrzański (3)";105;104;104;104;
0804032;"Kolsko (2)";41;41;41;41;
0804043;"Kożuchów (3)";90;90;90;89;
0804052;"Nowa Sól (2)";39;39;40;39;
0804063;"Nowe Miasteczko (3)";71;71;70;70;
0804073;"Otyń (3)";;;76;76;
0804082;"Siedlisko (2)";40;40;39;39;
0805013;"Cybinka (3)";24;23;23;23;
0805022;"Górzyca (2)";29;29;29;30;
0805033;"Ośno Lubuskie (3)";32;33;33;32;
0805043;"Rzepin (3)";52;51;51;51;
0805053;"Słubice (3)";108;108;108;108;
0806013;"Dobiegniew (3)";19;19;19;19;
0806023;"Drezdenko (3)";43;43;43;43;
0806032;"Stare Kurowo (2)";53;53;53;52;
0806043;"Strzelce Krajeńskie (3)";54;54;54;53;
0806052;"Zwierzyn (2)";44;44;43;43;
0807012;"Krzeszyce (2)";24;24;24;24;
0807023;"Lubniewice (3)";24;24;24;24;
0807032;"Słońsk (2)";30;30;30;30;
0807043;"Sulęcin (3)";50;50;49;49;
0807053;"Torzym (3)";18;18;18;18;
0808012;"Lubrza (2)";29;29;29;29;
0808022;"Łagów (2)";25;25;25;25;
0808032;"Skąpe (2)";28;28;28;28;
0808042;"Szczaniec (2)";34;34;34;34;
0808053;"Świebodzin (3)";134;133;133;132;
0808063;"Zbąszynek (3)";89;89;88;89;
0809013;"Babimost (3)";68;67;67;67;
0809022;"Bojadła (2)";32;32;32;32;
0809033;"Czerwieńsk (3)";51;52;52;51;
0809043;"Kargowa (3)";45;46;45;45;
0809053;"Nowogród Bobrzański (3)";36;36;37;36;
0809063;"Sulechów (3)";112;112;112;112;
0809072;"Świdnica (2)";41;41;41;41;
0809082;"Trzebiechów (2)";42;43;42;42;
0809092;"Zabór (2)";44;45;46;46;
0810011;"Gozdnica (1)";133;130;128;125;
0810021;"Żagań (1)";649;648;639;636;
0810032;"Brzeźnica (2)";31;31;31;31;
0810043;"Iłowa (3)";46;45;45;45;
0810053;"Małomice (3)";66;66;65;65;
0810062;"Niegosławice (2)";33;33;33;32;
0810073;"Szprotawa (3)";91;90;89;89;
0810082;"Wymiarki (2)";37;37;36;36;
0810092;"Żagań (2)";26;26;26;26;
0811011;"Łęknica (1)";153;152;151;150;
0811021;"Żary (1)";1136;1132;1125;1114;
0811032;"Brody (2)";14;14;14;14;
0811043;"Jasień (3)";56;56;56;55;
0811052;"Lipinki Łużyckie (2)";37;38;38;38;
0811063;"Lubsko (3)";103;103;102;101;
0811072;"Przewóz (2)";18;18;18;18;
0811082;"Trzebiel (2)";35;35;34;34;
0811092;"Tuplice (2)";48;47;47;46;
0811102;"Żary (2)";42;42;42;42;
0812013;"Sława (3)";39;39;39;39;
0812023;"Szlichtyngowa (3)";51;51;51;50;
0812033;"Wschowa (3)";109;109;108;107;
0861011;"Gorzów Wielkopolski (1)";1447;1450;1446;1442;
0862011;"Zielona Góra (1)";501;502;504;507;
1001011;"Bełchatów (1)";1684;1673;1658;1645;
1001022;"Bełchatów (2)";61;63;63;64;
1001032;"Drużbice (2)";45;45;46;46;
1001042;"Kleszczów (2)";47;48;50;51;
1001052;"Kluki (2)";37;37;37;37;
1001062;"Rusiec (2)";52;51;51;51;
1001072;"Szczerców (2)";63;63;64;64;
1001083;"Zelów (3)";90;90;90;90;
1002011;"Kutno (1)";1331;1325;1315;1307;
1002022;"Bedlno (2)";44;43;43;42;
1002032;"Dąbrowice (2)";41;41;41;41;
1002043;"Krośniewice (3)";91;90;89;88;
1002052;"Krzyżanów (2)";42;41;41;41;
1002062;"Kutno (2)";71;72;71;71;
1002072;"Łanięta (2)";45;45;45;44;
1002082;"Nowe Ostrowy (2)";49;49;49;48;
1002092;"Oporów (2)";38;38;38;37;
1002102;"Strzelce (2)";45;44;44;43;
1002113;"Żychlin (3)";159;158;156;154;
1003012;"Buczek (2)";55;55;55;55;
1003023;"Łask (3)";192;192;191;190;
1003032;"Sędziejowice (2)";54;53;53;53;
1003042;"Widawa (2)";42;42;41;41;
1003052;"Wodzierady (2)";41;41;42;42;
1004011;"Łęczyca (1)";1605;1592;1575;1561;
1004022;"Daszyna (2)";49;49;48;48;
1004032;"Góra Świętej Małgorzaty (2)";49;49;49;48;
1004042;"Grabów (2)";39;39;39;38;
1004052;"Łęczyca (2)";57;57;57;57;
1004062;"Piątek (2)";46;46;45;45;
1004072;"Świnice Warckie (2)";42;42;42;42;
1004082;"Witonia (2)";55;55;54;54;
1005011;"Łowicz (1)";1230;1226;1217;1205;
1005022;"Bielawy (2)";34;33;33;32;
1005032;"Chąśno (2)";41;41;41;40;
1005042;"Domaniewice (2)";54;54;54;54;
1005052;"Kiernozia (2)";45;45;45;44;
1005062;"Kocierzew Południowy (2)";46;46;45;45;
1005072;"Łowicz (2)";58;58;58;58;
1005082;"Łyszkowice (2)";62;62;62;62;
1005092;"Nieborów (2)";90;90;90;90;
1005102;"Zduny (2)";45;45;44;44;
1006022;"Andrespol (2)";580;585;591;552;
1006032;"Brójce (2)";94;94;95;97;
1006073;"Koluszki (3)";150;150;151;151;
1006082;"Nowosolna (2)";89;90;92;94;
1006103;"Rzgów (3)";153;154;156;158;
1006113;"Tuszyn (3)";94;95;95;95;
1007012;"Białaczów (2)";51;51;51;50;
1007023;"Drzewica (3)";90;89;89;88;
1007032;"Mniszków (2)";38;38;38;38;
1007043;"Opoczno (3)";182;182;180;179;
1007052;"Paradyż (2)";55;54;54;53;
1007062;"Poświętne (2)";23;23;23;22;
1007072;"Sławno (2)";59;59;59;59;
1007082;"Żarnów (2)";43;42;42;42;
1008011;"Konstantynów Łódzki (1)";657;661;664;668;
1008021;"Pabianice (1)";2009;1995;1979;1963;
1008032;"Dłutów (2)";45;45;46;46;
1008042;"Dobroń (2)";80;80;81;81;
1008052;"Ksawerów (2)";565;563;564;562;
1008062;"Lutomiersk (2)";61;62;63;65;
1008072;"Pabianice (2)";81;83;84;87;
1009013;"Działoszyn (3)";105;105;104;103;
1009022;"Kiełczygłów (2)";47;47;46;46;
1009032;"Nowa Brzeźnica (2)";34;34;34;34;
1009043;"Pajęczno (3)";103;103;102;101;
1009052;"Rząśnia (2)";56;57;57;57;
1009062;"Siemkowice (2)";48;48;48;48;
1009072;"Strzelce Wielkie (2)";60;60;59;59;
1009082;"Sulmierzyce (2)";54;54;54;54;
1010012;"Aleksandrów (2)";31;30;30;30;
1010022;"Czarnocin (2)";57;57;57;58;
1010032;"Gorzkowice (2)";84;84;83;83;
1010042;"Grabica (2)";48;48;48;47;
1010052;"Łęki Szlacheckie (2)";33;32;32;32;
1010062;"Moszczenica (2)";115;115;115;116;
1010072;"Ręczno (2)";40;40;40;40;
1010082;"Rozprza (2)";76;75;76;75;
1010093;"Sulejów (3)";86;87;87;87;
1010102;"Wola Krzysztoporska (2)";70;70;70;70;
1010113;"Wolbórz (3)";51;51;51;52;
1011012;"Dalików (2)";34;34;34;34;
1011022;"Pęczniew (2)";27;27;27;27;
1011033;"Poddębice (3)";70;70;70;69;
1011043;"Uniejów (3)";55;55;54;54;
1011052;"Wartkowice (2)";45;45;44;44;
1011062;"Zadzim (2)";35;35;34;34;
1012011;"Radomsko (1)";906;902;896;891;
1012022;"Dobryszyce (2)";87;86;88;89;
1012032;"Gidle (2)";53;53;53;52;
1012042;"Gomunice (2)";94;95;94;94;
1012053;"Kamieńsk (3)";62;62;61;61;
1012062;"Kobiele Wielkie (2)";44;44;44;44;
1012072;"Kodrąb (2)";43;43;43;43;
1012082;"Lgota Wielka (2)";68;68;68;68;
1012092;"Ładzice (2)";58;58;58;57;
1012102;"Masłowice (2)";36;36;36;36;
1012113;"Przedbórz (3)";38;38;38;38;
1012122;"Radomsko (2)";66;66;66;65;
1012132;"Wielgomłyny (2)";38;38;37;37;
1012142;"Żytno (2)";27;26;26;26;
1013011;"Rawa Mazowiecka (1)";1230;1224;1219;1211;
1013023;"Biała Rawska (3)";55;55;55;54;
1013032;"Cielądz (2)";43;43;43;43;
1013042;"Rawa Mazowiecka (2)";53;54;54;54;
1013052;"Regnów (2)";39;39;39;39;
1013062;"Sadkowice (2)";46;46;45;45;
1014011;"Sieradz (1)";835;831;825;819;
1014023;"Błaszki (3)";73;73;72;72;
1014032;"Brąszewice (2)";42;42;43;42;
1014042;"Brzeźnio (2)";49;49;49;50;
1014052;"Burzenin (2)";46;46;46;46;
1014062;"Goszczanów (2)";46;45;45;45;
1014072;"Klonowa (2)";31;30;30;30;
1014082;"Sieradz (2)";58;58;59;59;
1014093;"Warta (3)";50;50;50;50;
1014102;"Wróblew (2)";54;54;54;54;
1014113;"Złoczew (3)";62;61;62;61;
1015012;"Bolimów (2)";36;36;36;36;
1015022;"Głuchów (2)";53;52;52;52;
1015032;"Godzianów (2)";59;60;60;60;
1015042;"Kowiesy (2)";34;34;34;34;
1015052;"Lipce Reymontowskie (2)";77;77;77;77;
1015062;"Maków (2)";73;73;73;73;
1015072;"Nowy Kawęczyn (2)";32;32;32;32;
1015082;"Skierniewice (2)";57;57;58;58;
1015092;"Słupia (2)";65;65;64;64;
1016011;"Tomaszów Mazowiecki (1)";1540;1531;1517;1500;
1016022;"Będków (2)";58;58;57;57;
1016032;"Budziszewice (2)";73;72;72;71;
1016042;"Czerniewice (2)";40;40;40;39;
1016052;"Inowłódz (2)";39;39;39;39;
1016062;"Lubochnia (2)";55;55;55;55;
1016072;"Rokiciny (2)";68;68;68;68;
1016082;"Rzeczyca (2)";43;43;43;43;
1016092;"Tomaszów Mazowiecki (2)";73;74;75;75;
1016102;"Ujazd (2)";81;80;80;80;
1016112;"Żelechlinek (2)";36;36;36;36;
1017012;"Biała (2)";74;74;74;73;
1017022;"Czarnożyły (2)";65;65;65;65;
1017032;"Konopnica (2)";46;46;45;45;
1017042;"Mokrsko (2)";70;70;70;70;
1017052;"Osjaków (2)";47;47;47;47;
1017062;"Ostrówek (2)";45;45;45;44;
1017072;"Pątnów (2)";57;57;57;57;
1017082;"Skomlin (2)";61;61;60;60;
1017093;"Wieluń (3)";245;244;242;241;
1017102;"Wierzchlas (2)";56;56;56;56;
1018012;"Bolesławiec (2)";63;63;63;63;
1018022;"Czastary (2)";63;63;63;63;
1018032;"Galewice (2)";46;46;46;45;
1018042;"Lututów (2)";61;60;60;60;
1018052;"Łubnice (2)";68;68;67;66;
1018062;"Sokolniki (2)";62;62;63;63;
1018073;"Wieruszów (3)";147;147;147;147;
1019011;"Zduńska Wola (1)";1738;1725;1713;1697;
1019023;"Szadek (3)";49;49;48;48;
1019032;"Zapolice (2)";63;63;63;64;
1019042;"Zduńska Wola (2)";108;109;109;109;
1020011;"Głowno (1)";733;727;720;712;
1020021;"Ozorków (1)";1281;1273;1258;1249;
1020031;"Zgierz (1)";1345;1339;1335;1327;
1020043;"Aleksandrów Łódzki (3)";266;270;275;277;
1020052;"Głowno (2)";46;46;46;46;
1020062;"Ozorków (2)";73;73;73;74;
1020072;"Parzęczew (2)";48;48;49;49;
1020083;"Stryków (3)";79;80;80;81;
1020092;"Zgierz (2)";69;70;71;73;
1021011;"Brzeziny (1)";580;581;581;579;
1021022;"Brzeziny (2)";53;53;54;54;
1021032;"Dmosin (2)";45;45;45;45;
1021042;"Jeżów (2)";54;54;53;53;
1021052;"Rogów (2)";72;72;72;71;
1061011;"Łódź (1)";2375;2354;2337;2319;
1062011;"Piotrków Trybunalski (1)";1111;1105;1096;1087;
1063011;"Skierniewice (1)";1397;1396;1392;1390;
1201011;"Bochnia (1)";1006;1004;1002;995;
1201022;"Bochnia (2)";150;151;152;153;
1201032;"Drwinia (2)";60;60;60;60;
1201042;"Lipnica Murowana (2)";93;94;94;94;
1201052;"Łapanów (2)";112;112;114;114;
1201063;"Nowy Wiśnicz (3)";169;169;171;173;
1201072;"Rzezawa (2)";129;130;131;131;
1201082;"Trzciana (2)";125;125;127;128;
1201092;"Żegocina (2)";156;158;159;159;
1202012;"Borzęcin (2)";82;82;82;81;
1202023;"Brzesko (3)";353;354;354;354;
1202033;"Czchów (3)";148;148;148;148;
1202042;"Dębno (2)";179;180;180;181;
1202052;"Gnojnik (2)";144;145;146;146;
1202062;"Iwkowa (2)";134;136;136;137;
1202072;"Szczurowa (2)";71;71;71;70;
1203013;"Alwernia (3)";167;170;170;169;
1203022;"Babice (2)";169;169;169;168;
1203033;"Chrzanów (3)";598;596;594;589;
1203043;"Libiąż (3)";395;394;393;391;
1203053;"Trzebinia (3)";324;324;323;321;
1204012;"Bolesław (2)";77;76;75;73;
1204023;"Dąbrowa Tarnowska (3)";182;182;183;183;
1204032;"Gręboszów (2)";70;69;69;69;
1204042;"Mędrzechów (2)";80;78;78;77;
1204052;"Olesno (2)";102;103;102;103;
1204062;"Radgoszcz (2)";84;84;84;84;
1204073;"Szczucin (3)";110;110;110;110;
1205011;"Gorlice (1)";1186;1181;1173;1163;
1205023;"Biecz (3)";172;172;172;171;
1205033;"Bobowa (3)";196;196;196;197;
1205042;"Gorlice (2)";167;167;168;168;
1205052;"Lipinki (2)";102;102;102;102;
1205062;"Łużna (2)";150;150;151;152;
1205072;"Moszczenica (2)";130;131;131;132;
1205082;"Ropa (2)";110;111;112;112;
1205092;"Sękowa (2)";26;26;26;26;
1205102;"Uście Gorlickie (2)";24;24;24;24;
1206012;"Czernichów (2)";172;173;173;175;
1206022;"Igołomia-Wawrzeńczyce (2)";123;123;123;123;
1206032;"Iwanowice (2)";127;128;128;129;
1206042;"Jerzmanowice-Przeginia (2)";160;160;160;161;
1206052;"Kocmyrzów-Luborzyca (2)";187;189;193;195;
1206063;"Krzeszowice (3)";232;232;232;231;
1206072;"Liszki (2)";236;237;240;242;
1206082;"Michałowice (2)";199;203;207;210;
1206092;"Mogilany (2)";313;317;322;326;
1206103;"Skała (3)";141;141;141;141;
1206113;"Skawina (3)";434;434;436;437;
1206123;"Słomniki (3)";121;121;121;121;
1206132;"Sułoszowa (2)";109;109;109;109;
1206143;"Świątniki Górne (3)";483;489;495;501;
1206152;"Wielka Wieś (2)";239;248;256;264;
1206162;"Zabierzów (2)";260;264;267;269;
1206172;"Zielonki (2)";448;457;465;475;
1207011;"Limanowa (1)";810;808;811;811;
1207021;"Mszana Dolna (1)";293;295;293;291;
1207032;"Dobra (2)";90;91;91;91;
1207042;"Jodłownik (2)";118;119;120;120;
1207052;"Kamienica (2)";82;82;83;82;
1207062;"Laskowa (2)";111;112;112;113;
1207072;"Limanowa (2)";164;166;167;168;
1207082;"Łukowica (2)";142;144;144;144;
1207092;"Mszana Dolna (2)";103;103;104;104;
1207102;"Niedźwiedź (2)";98;99;99;99;
1207112;"Słopnice (2)";116;118;118;119;
1207122;"Tymbark (2)";199;201;200;202;
1208012;"Charsznica (2)";96;95;95;95;
1208022;"Gołcza (2)";69;68;68;67;
1208032;"Kozłów (2)";55;54;54;53;
1208042;"Książ Wielki (2)";37;37;37;37;
1208053;"Miechów (3)";134;133;133;132;
1208062;"Racławice (2)";42;42;43;42;
1208072;"Słaboszów (2)";47;47;46;46;
1209013;"Dobczyce (3)";229;229;230;231;
1209022;"Lubień (2)";133;134;134;134;
1209033;"Myślenice (3)";285;287;288;289;
1209042;"Pcim (2)";123;124;125;125;
1209052;"Raciechowice (2)";103;103;105;105;
1209062;"Siepraw (2)";274;278;281;283;
1209073;"Sułkowice (3)";244;246;247;248;
1209082;"Tokarnia (2)";127;127;128;129;
1209092;"Wiśniowa (2)";109;109;110;110;
1210011;"Grybów (1)";358;359;356;356;
1210022;"Chełmiec (2)";250;252;255;258;
1210032;"Gródek nad Dunajcem (2)";104;105;105;105;
1210042;"Grybów (2)";163;164;166;167;
1210052;"Kamionka Wielka (2)";157;159;159;161;
1210062;"Korzenna (2)";134;135;136;136;
1210073;"Krynica-Zdrój (3)";116;116;116;115;
1210082;"Łabowa (2)";50;50;51;51;
1210092;"Łącko (2)";123;124;124;124;
1210102;"Łososina Dolna (2)";128;129;130;131;
1210113;"Muszyna (3)";82;82;82;82;
1210122;"Nawojowa (2)";171;171;173;174;
1210133;"Piwniczna-Zdrój (3)";84;84;84;84;
1210142;"Podegrodzie (2)";200;202;203;205;
1210152;"Rytro (2)";91;91;91;90;
1210163;"Stary Sącz (3)";233;234;235;236;
1211011;"Nowy Targ (1)";654;653;653;652;
1211023;"Szczawnica (3)";83;83;83;82;
1211032;"Czarny Dunajec (2)";103;103;104;104;
1211042;"Czorsztyn (2)";122;123;123;123;
1211052;"Jabłonka (2)";87;87;87;88;
1211062;"Krościenko nad Dunajcem (2)";119;119;119;119;
1211072;"Lipnica Wielka (2)";89;89;89;89;
1211082;"Łapsze Niżne (2)";74;74;74;75;
1211092;"Nowy Targ (2)";114;115;116;116;
1211102;"Ochotnica Dolna (2)";60;60;61;60;
1211112;"Raba Wyżna (2)";164;165;165;166;
1211123;"Rabka-Zdrój (3)";250;249;247;247;
1211132;"Spytkowice (2)";140;140;141;143;
1211142;"Szaflary (2)";202;203;204;205;
1212011;"Bukowno (1)";160;159;158;156;
1212032;"Bolesław (2)";190;190;191;190;
1212042;"Klucze (2)";127;127;126;125;
1212053;"Olkusz (3)";328;327;325;322;
1212062;"Trzyciąż (2)";74;74;74;74;
1212073;"Wolbrom (3)";157;157;156;155;
1213011;"Oświęcim (1)";1299;1289;1277;1267;
1213023;"Brzeszcze (3)";471;469;466;465;
1213033;"Chełmek (3)";478;476;476;475;
1213043;"Kęty (3)";451;451;449;449;
1213052;"Osiek (2)";200;202;201;202;
1213062;"Oświęcim (2)";243;245;246;247;
1213072;"Polanka Wielka (2)";180;180;180;181;
1213082;"Przeciszów (2)";190;190;190;191;
1213093;"Zator (3)";181;180;180;180;
1214012;"Koniusza (2)";101;102;102;102;
1214023;"Koszyce (3)";;;;83;
1214033;"Nowe Brzesko (3)";105;106;106;105;
1214042;"Pałecznica (2)";76;75;75;75;
1214053;"Proszowice (3)";163;163;162;161;
1214062;"Radziemice (2)";59;59;59;58;
1215011;"Jordanów (1)";254;255;255;255;
1215021;"Sucha Beskidzka (1)";339;336;331;329;
1215032;"Budzów (2)";120;121;122;122;
1215042;"Bystra-Sidzina (2)";85;85;85;86;
1215052;"Jordanów (2)";119;120;121;121;
1215063;"Maków Podhalański (3)";149;149;148;148;
1215072;"Stryszawa (2)";104;104;104;105;
1215082;"Zawoja (2)";71;71;71;71;
1215092;"Zembrzyce (2)";143;142;143;144;
1216013;"Ciężkowice (3)";108;109;109;108;
1216022;"Gromnik (2)";127;128;128;128;
1216032;"Lisia Góra (2)";145;146;147;148;
1216042;"Pleśna (2)";144;144;144;144;
1216053;"Radłów (3)";113;113;113;112;
1216063;"Ryglice (3)";100;100;100;99;
1216072;"Rzepiennik Strzyżewski (2)";96;95;95;95;
1216082;"Skrzyszów (2)";164;165;166;166;
1216092;"Tarnów (2)";311;313;315;317;
1216103;"Tuchów (3)";181;181;181;179;
1216112;"Wierzchosławice (2)";143;144;144;144;
1216122;"Wietrzychowice (2)";83;83;82;81;
1216133;"Wojnicz (3)";169;170;170;169;
1216143;"Zakliczyn (3)";102;101;102;102;
1216153;"Żabno (3)";187;187;186;186;
1216162;"Szerzyny (2)";97;97;97;97;
1217011;"Zakopane (1)";324;324;323;321;
1217022;"Biały Dunajec (2)";202;203;204;204;
1217032;"Bukowina Tatrzańska (2)";101;101;101;102;
1217042;"Kościelisko (2)";64;64;64;65;
1217052;"Poronin (2)";138;138;139;139;
1218013;"Andrychów (3)";437;437;435;433;
1218022;"Brzeźnica (2)";153;155;156;157;
1218033;"Kalwaria Zebrzydowska (3)";266;266;266;266;
1218042;"Lanckorona (2)";153;154;154;154;
1218052;"Mucharz (2)";109;110;110;110;
1218062;"Spytkowice (2)";205;201;202;202;
1218072;"Stryszów (2)";149;150;149;150;
1218082;"Tomice (2)";193;195;197;197;
1218093;"Wadowice (3)";337;336;336;336;
1218102;"Wieprz (2)";164;165;166;167;
1219012;"Biskupice (2)";243;248;251;254;
1219022;"Gdów (2)";164;166;167;168;
1219032;"Kłaj (2)";164;164;165;166;
1219043;"Niepołomice (3)";283;290;296;303;
1219053;"Wieliczka (3)";577;586;596;607;
1261011;"Kraków (1)";2342;2348;2359;2384;
1262011;"Nowy Sącz (1)";1459;1460;1457;1455;
1263011;"Tarnów (1)";1521;1515;1507;1499;
1401013;"Białobrzegi (3)";133;133;133;132;
1401022;"Promna (2)";46;47;47;46;
1401032;"Radzanów (2)";47;47;47;47;
1401042;"Stara Błotnica (2)";55;55;55;55;
1401052;"Stromiec (2)";36;36;36;36;
1401063;"Wyśmierzyce (3)";27;26;26;26;
1402011;"Ciechanów (1)";1354;1352;1349;1346;
1402022;"Ciechanów (2)";50;50;50;51;
1402033;"Glinojeck (3)";52;52;51;51;
1402042;"Gołymin-Ośrodek (2)";35;35;34;34;
1402052;"Grudusk (2)";38;38;37;37;
1402062;"Ojrzeń (2)";36;36;36;36;
1402072;"Opinogóra Górna (2)";43;43;43;43;
1402082;"Regimin (2)";45;45;45;45;
1402092;"Sońsk (2)";51;51;50;50;
1403011;"Garwolin (1)";785;787;792;797;
1403021;"Łaskarzew (1)";319;318;317;315;
1403032;"Borowie (2)";65;65;65;66;
1403042;"Garwolin (2)";97;97;97;98;
1403052;"Górzno (2)";71;71;72;72;
1403062;"Łaskarzew (2)";63;63;62;62;
1403072;"Maciejowice (2)";40;40;40;40;
1403082;"Miastków Kościelny (2)";57;57;57;57;
1403092;"Parysów (2)";63;64;64;64;
1403103;"Pilawa (3)";142;142;142;142;
1403112;"Sobolew (2)";87;87;87;87;
1403122;"Trojanów (2)";49;49;49;48;
1403132;"Wilga (2)";45;45;45;45;
1403143;"Żelechów (3)";96;96;96;95;
1404011;"Gostynin (1)";578;578;576;572;
1404022;"Gostynin (2)";45;45;45;44;
1404032;"Pacyna (2)";40;40;39;39;
1404043;"Sanniki (3)";;;64;63;
1404052;"Szczawin Kościelny (2)";39;39;38;38;
1405011;"Milanówek (1)";1216;1220;1213;1221;
1405021;"Podkowa Leśna (1)";380;383;380;379;
1405032;"Baranów (2)";70;70;70;71;
1405043;"Grodzisk Mazowiecki (3)";427;435;444;455;
1405052;"Jaktorów (2)";216;219;222;226;
1405062;"Żabia Wola (2)";80;81;83;85;
1406012;"Belsk Duży (2)";61;61;61;60;
1406022;"Błędów (2)";57;56;56;55;
1406032;"Chynów (2)";73;73;73;73;
1406042;"Goszczyn (2)";52;52;52;52;
1406053;"Grójec (3)";210;211;212;213;
1406062;"Jasieniec (2)";50;50;50;50;
1406073;"Mogielnica (3)";62;62;62;62;
1406083;"Nowe Miasto nad Pilicą (3)";50;50;49;48;
1406092;"Pniewy (2)";46;47;47;47;
1406113;"Warka (3)";95;95;95;95;
1407012;"Garbatka-Letnisko (2)";70;69;68;68;
1407022;"Głowaczów (2)";39;39;39;39;
1407032;"Gniewoszów (2)";47;47;47;46;
1407042;"Grabów nad Pilicą (2)";31;31;31;31;
1407053;"Kozienice (3)";123;122;122;121;
1407062;"Magnuszew (2)";48;48;48;48;
1407072;"Sieciechów (2)";64;63;63;62;
1408011;"Legionowo (1)";3998;3991;3993;3980;
1408022;"Jabłonna (2)";288;292;297;303;
1408032;"Nieporęt (2)";148;150;151;153;
1408043;"Serock (3)";130;131;133;137;
1408052;"Wieliszew (2)";124;128;134;144;
1409012;"Chotcza (2)";26;26;26;26;
1409022;"Ciepielów (2)";42;42;41;41;
1409033;"Lipsko (3)";83;83;82;81;
1409042;"Rzeczniów (2)";43;43;42;42;
1409052;"Sienno (2)";41;40;40;39;
1409062;"Solec nad Wisłą (2)";39;38;38;38;
1410012;"Huszlew (2)";24;24;24;24;
1410023;"Łosice (3)";90;90;89;89;
1410032;"Olszanka (2)";34;34;34;34;
1410042;"Platerów (2)";38;38;38;37;
1410052;"Sarnaki (2)";25;24;24;24;
1410062;"Stara Kornica (2)";41;41;40;40;
1411011;"Maków Mazowiecki (1)";966;959;952;945;
1411022;"Czerwonka (2)";24;24;24;24;
1411032;"Karniewo (2)";41;40;40;40;
1411042;"Krasnosielc (2)";39;39;38;38;
1411052;"Młynarze (2)";23;24;24;23;
1411062;"Płoniawy-Bramura (2)";41;41;40;40;
1411073;"Różan (3)";53;53;52;52;
1411082;"Rzewnie (2)";24;24;24;24;
1411092;"Sypniewo (2)";26;26;26;25;
1411102;"Szelków (2)";33;33;32;32;
1412011;"Mińsk Mazowiecki (1)";3064;3065;3096;3111;
1412042;"Cegłów (2)";65;64;64;64;
1412052;"Dębe Wielkie (2)";128;132;133;135;
1412062;"Dobre (2)";48;48;48;48;
1412073;"Halinów (3)";250;252;256;259;
1412082;"Jakubów (2)";58;58;59;59;
1412093;"Kałuszyn (3)";63;62;62;62;
1412102;"Latowicz (2)";48;48;48;47;
1412112;"Mińsk Mazowiecki (2)";135;136;136;138;
1412123;"Mrozy (3)";60;60;60;60;
1412132;"Siennica (2)";67;67;67;67;
1412142;"Stanisławów (2)";63;63;64;64;
1412151;"Sulejówek (1)";1009;1018;1021;1027;
1413011;"Mława (1)";895;898;898;898;
1413022;"Dzierzgowo (2)";21;21;21;20;
1413032;"Lipowiec Kościelny (2)";43;42;42;42;
1413042;"Radzanów (2)";34;34;34;33;
1413052;"Strzegowo (2)";36;36;35;35;
1413062;"Stupsk (2)";42;41;41;41;
1413072;"Szreńsk (2)";39;38;38;38;
1413082;"Szydłowo (2)";38;38;38;37;
1413092;"Wieczfnia Kościelna (2)";35;34;34;34;
1413102;"Wiśniewo (2)";54;54;53;53;
1414011;"Nowy Dwór Mazowiecki (1)";1012;1015;1015;1017;
1414022;"Czosnów (2)";77;77;77;78;
1414032;"Leoncin (2)";35;35;35;36;
1414043;"Nasielsk (3)";97;97;97;97;
1414052;"Pomiechówek (2)";88;89;89;89;
1414063;"Zakroczym (3)";85;85;85;84;
1415012;"Baranowo (2)";34;33;33;33;
1415022;"Czarnia (2)";28;28;27;27;
1415032;"Czerwin (2)";30;30;30;30;
1415042;"Goworowo (2)";39;38;38;38;
1415052;"Kadzidło (2)";44;44;44;44;
1415062;"Lelis (2)";48;49;49;49;
1415072;"Łyse (2)";34;34;34;34;
1415083;"Myszyniec (3)";46;46;46;46;
1415092;"Olszewo-Borki (2)";53;54;54;55;
1415102;"Rzekuń (2)";78;80;82;83;
1415112;"Troszyn (2)";31;31;31;30;
1416011;"Ostrów Mazowiecka (1)";1019;1017;1012;1006;
1416022;"Andrzejewo (2)";35;35;35;34;
1416032;"Boguty-Pianki (2)";30;30;29;29;
1416043;"Brok (3)";26;26;26;26;
1416052;"Małkinia Górna (2)";88;87;87;87;
1416062;"Nur (2)";29;29;28;28;
1416072;"Ostrów Mazowiecka (2)";46;46;46;46;
1416082;"Stary Lubotyń (2)";34;34;34;34;
1416092;"Szulborze Wielkie (2)";37;36;36;35;
1416102;"Wąsewo (2)";37;37;36;36;
1416112;"Zaręby Kościelne (2)";42;42;42;41;
1417011;"Józefów (1)";852;857;862;867;
1417021;"Otwock (1)";949;948;949;943;
1417032;"Celestynów (2)";131;131;131;132;
1417043;"Karczew (3)";195;195;195;195;
1417052;"Kołbiel (2)";77;77;77;77;
1417062;"Osieck (2)";52;53;53;53;
1417072;"Sobienie-Jeziory (2)";65;65;65;65;
1417082;"Wiązowna (2)";122;124;126;128;
1418013;"Góra Kalwaria (3)";183;184;186;188;
1418023;"Konstancin-Jeziorna (3)";315;315;315;315;
1418032;"Lesznowola (2)";363;375;393;411;
1418043;"Piaseczno (3)";633;643;653;664;
1418052;"Prażmów (2)";123;125;127;130;
1418063;"Tarczyn (3)";100;100;100;101;
1419012;"Bielsk (2)";73;73;73;72;
1419022;"Bodzanów (2)";61;60;60;60;
1419032;"Brudzeń Duży (2)";52;52;52;52;
1419042;"Bulkowo (2)";49;48;48;47;
1419053;"Drobin (3)";57;56;55;55;
1419063;"Gąbin (3)";76;76;75;75;
1419072;"Łąck (2)";57;58;57;58;
1419082;"Mała Wieś (2)";56;56;55;55;
1419092;"Nowy Duninów (2)";27;27;27;27;
1419102;"Radzanowo (2)";80;81;81;81;
1419112;"Słubice (2)";47;47;46;46;
1419122;"Słupno (2)";99;103;104;106;
1419132;"Stara Biała (2)";106;106;107;108;
1419142;"Staroźreby (2)";54;54;53;52;
1419153;"Wyszogród (3)";59;59;59;58;
1420011;"Płońsk (1)";1921;1915;1911;1906;
1420021;"Raciąż (1)";532;528;526;523;
1420032;"Baboszewo (2)";50;49;49;49;
1420042;"Czerwińsk nad Wisłą (2)";54;54;53;53;
1420052;"Dzierzążnia (2)";36;36;36;35;
1420062;"Joniec (2)";36;36;36;36;
1420072;"Naruszewo (2)";40;40;40;40;
1420082;"Nowe Miasto (2)";40;40;40;39;
1420092;"Płońsk (2)";61;62;62;63;
1420102;"Raciąż (2)";35;35;34;34;
1420112;"Sochocin (2)";48;48;48;48;
1420122;"Załuski (2)";53;52;52;52;
1421011;"Piastów (1)";3946;3947;3934;3937;
1421021;"Pruszków (1)";3172;3191;3220;3247;
1421033;"Brwinów (3)";372;378;381;386;
1421042;"Michałowice (2)";508;513;520;528;
1421052;"Nadarzyn (2)";178;182;186;191;
1421062;"Raszyn (2)";491;492;494;497;
1422011;"Przasnysz (1)";687;685;688;683;
1422023;"Chorzele (3)";28;28;27;27;
1422032;"Czernice Borowe (2)";32;32;32;32;
1422042;"Jednorożec (2)";31;31;31;30;
1422052;"Krasne (2)";36;36;36;36;
1422062;"Krzynowłoga Mała (2)";19;19;19;19;
1422072;"Przasnysz (2)";40;40;40;39;
1423012;"Borkowice (2)";50;50;50;50;
1423022;"Gielniów (2)";59;59;58;57;
1423032;"Klwów (2)";40;39;39;39;
1423042;"Odrzywół (2)";40;39;39;38;
1423052;"Potworów (2)";52;52;52;51;
1423063;"Przysucha (3)";67;66;66;65;
1423072;"Rusinów (2)";52;52;52;52;
1423082;"Wieniawa (2)";52;51;51;51;
1424012;"Gzy (2)";37;37;37;36;
1424022;"Obryte (2)";35;34;34;34;
1424032;"Pokrzywnica (2)";41;41;41;42;
1424043;"Pułtusk (3)";183;184;184;184;
1424052;"Świercze (2)";50;50;49;49;
1424062;"Winnica (2)";36;36;36;36;
1424072;"Zatory (2)";40;40;40;40;
1425011;"Pionki (1)";1018;1012;1001;987;
1425022;"Gózd (2)";112;113;114;115;
1425033;"Iłża (3)";58;58;58;57;
1425042;"Jastrzębia (2)";78;78;78;78;
1425052;"Jedlińsk (2)";103;104;105;105;
1425062;"Jedlnia-Letnisko (2)";192;193;194;196;
1425072;"Kowala (2)";161;162;163;164;
1425082;"Pionki (2)";44;44;44;43;
1425092;"Przytyk (2)";54;54;54;54;
1425103;"Skaryszew (3)";85;85;86;86;
1425112;"Wierzbica (2)";105;104;103;103;
1425122;"Wolanów (2)";107;107;107;107;
1425132;"Zakrzew (2)";133;134;135;137;
1426012;"Domanice (2)";57;56;56;56;
1426022;"Korczew (2)";26;25;25;25;
1426032;"Kotuń (2)";57;57;57;56;
1426042;"Mokobody (2)";42;42;42;41;
1426053;"Mordy (3)";35;35;34;34;
1426062;"Paprotnia (2)";32;32;31;31;
1426072;"Przesmyki (2)";28;28;27;27;
1426082;"Siedlce (2)";127;128;129;130;
1426092;"Skórzec (2)";65;65;66;66;
1426102;"Suchożebry (2)";47;47;46;47;
1426112;"Wiśniew (2)";46;46;46;46;
1426122;"Wodynie (2)";39;39;38;38;
1426132;"Zbuczyn (2)";48;48;48;48;
1427011;"Sierpc (1)";979;976;969;965;
1427022;"Gozdowo (2)";47;47;47;47;
1427032;"Mochowo (2)";42;42;42;42;
1427042;"Rościszewo (2)";37;36;36;36;
1427052;"Sierpc (2)";47;47;47;47;
1427062;"Szczutowo (2)";38;38;39;38;
1427072;"Zawidz (2)";37;36;36;35;
1428011;"Sochaczew (1)";1412;1405;1392;1385;
1428022;"Brochów (2)";36;36;36;36;
1428032;"Iłów (2)";48;48;48;48;
1428042;"Młodzieszyn (2)";48;48;47;47;
1428052;"Nowa Sucha (2)";73;73;74;74;
1428062;"Rybno (2)";48;48;48;48;
1428072;"Sochaczew (2)";116;118;120;120;
1428082;"Teresin (2)";130;130;131;131;
1429011;"Sokołów Podlaski (1)";1076;1081;1082;1082;
1429022;"Bielany (2)";33;33;33;33;
1429032;"Ceranów (2)";20;20;20;20;
1429042;"Jabłonna Lacka (2)";31;31;30;30;
1429053;"Kosów Lacki (3)";31;31;30;30;
1429062;"Repki (2)";32;32;31;31;
1429072;"Sabnie (2)";35;34;34;34;
1429082;"Sokołów Podlaski (2)";44;44;44;44;
1429092;"Sterdyń (2)";31;31;30;30;
1430012;"Chlewiska (2)";49;48;48;48;
1430022;"Jastrząb (2)";96;96;96;95;
1430032;"Mirów (2)";73;73;73;73;
1430042;"Orońsko (2)";73;72;73;73;
1430053;"Szydłowiec (3)";137;136;136;135;
1432013;"Błonie (3)";250;252;252;252;
1432022;"Izabelin (2)";162;163;163;163;
1432032;"Kampinos (2)";51;51;51;51;
1432042;"Leszno (2)";81;81;81;82;
1432053;"Łomianki (3)";668;675;688;701;
1432063;"Ożarów Mazowiecki (3)";331;338;346;357;
1432072;"Stare Babice (2)";289;294;298;304;
1433011;"Węgrów (1)";360;359;357;354;
1433022;"Grębków (2)";34;34;34;34;
1433032;"Korytnica (2)";35;35;35;34;
1433042;"Liw (2)";45;44;44;43;
1433053;"Łochów (3)";91;91;91;91;
1433062;"Miedzna (2)";34;34;33;33;
1433072;"Sadowne (2)";41;41;41;40;
1433082;"Stoczek (2)";35;35;34;34;
1433092;"Wierzbno (2)";28;27;27;27;
1434011;"Kobyłka (1)";1144;1177;1207;1243;
1434021;"Marki (1)";1212;1250;1297;1356;
1434031;"Ząbki (1)";3168;3258;3343;3444;
1434041;"Zielonka (1)";220;221;221;221;
1434052;"Dąbrówka (2)";73;74;74;75;
1434062;"Jadów (2)";65;65;65;64;
1434072;"Klembów (2)";113;115;115;116;
1434082;"Poświętne (2)";59;60;60;60;
1434093;"Radzymin (3)";202;205;209;212;
1434102;"Strachówka (2)";26;26;25;25;
1434113;"Tłuszcz (3)";193;194;194;195;
1434123;"Wołomin (3)";840;840;842;841;
1435012;"Brańszczyk (2)";50;50;50;50;
1435022;"Długosiodło (2)";47;47;47;46;
1435032;"Rząśnik (2)";42;42;42;42;
1435042;"Somianka (2)";47;48;48;48;
1435053;"Wyszków (3)";238;238;239;240;
1435062;"Zabrodzie (2)";64;64;64;65;
1436012;"Kazanów (2)";48;48;48;47;
1436022;"Policzna (2)";50;50;49;49;
1436032;"Przyłęk (2)";48;47;47;47;
1436042;"Tczów (2)";68;68;68;68;
1436053;"Zwoleń (3)";94;94;93;93;
1437013;"Bieżuń (3)";43;42;41;41;
1437022;"Kuczbork-Osada (2)";40;40;39;39;
1437033;"Lubowidz (3)";;;;36;
1437042;"Lutocin (2)";35;34;34;33;
1437052;"Siemiątkowo (2)";32;31;31;30;
1437063;"Żuromin (3)";110;109;109;108;
1438011;"Żyrardów (1)";2823;2804;2787;2775;
1438023;"Mszczonów (3)";76;76;76;76;
1438032;"Puszcza Mariańska (2)";60;60;60;60;
1438042;"Radziejowice (2)";77;78;79;80;
1438052;"Wiskitki (2)";66;66;66;66;
1461011;"Ostrołęka (1)";1828;1824;1562;1556;
1462011;"Płock (1)";1378;1372;1363;1356;
1463011;"Radom (1)";1923;1919;1905;1891;
1464011;"Siedlce (1)";2417;2437;2444;2454;
1465011;"M.st.Warszawa od 2002 (1)";3391;3412;3437;3462;
1601011;"Brzeg (1)";2484;2472;2459;2444;
1601022;"Skarbimierz (2)";72;73;74;74;
1601033;"Grodków (3)";68;68;67;67;
1601043;"Lewin Brzeski (3)";83;82;82;81;
1601052;"Lubsza (2)";42;42;42;42;
1601062;"Olszanka (2)";53;53;53;52;
1602013;"Baborów (3)";52;52;51;51;
1602022;"Branice (2)";54;54;54;53;
1602033;"Głubczyce (3)";77;77;76;76;
1602043;"Kietrz (3)";80;79;78;78;
1603011;"Kędzierzyn-Koźle (1)";502;498;494;490;
1603022;"Bierawa (2)";67;67;67;67;
1603032;"Cisek (2)";80;80;79;79;
1603042;"Pawłowiczki (2)";50;50;49;48;
1603052;"Polska Cerekiew (2)";69;69;67;67;
1603062;"Reńska Wieś (2)";84;84;84;85;
1604013;"Byczyna (3)";52;52;51;50;
1604023;"Kluczbork (3)";167;166;166;166;
1604032;"Lasowice Wielkie (2)";33;33;33;32;
1604043;"Wołczyn (3)";57;57;57;56;
1605013;"Gogolin (3)";124;125;125;126;
1605023;"Krapkowice (3)";236;235;234;232;
1605032;"Strzeleczki (2)";63;63;63;63;
1605042;"Walce (2)";80;79;79;78;
1605053;"Zdzieszowice (3)";277;277;274;274;
1606012;"Domaszowice (2)";32;32;32;31;
1606023;"Namysłów (3)";89;89;90;90;
1606032;"Pokój (2)";40;40;39;39;
1606042;"Świerczów (2)";31;31;30;30;
1606052;"Wilków (2)";44;44;44;44;
1607013;"Głuchołazy (3)";143;143;141;141;
1607022;"Kamiennik (2)";40;39;39;39;
1607033;"Korfantów (3)";50;50;49;49;
1607042;"Łambinowice (2)";62;61;61;60;
1607053;"Nysa (3)";265;265;263;262;
1607063;"Otmuchów (3)";73;73;73;72;
1607073;"Paczków (3)";160;160;158;157;
1607082;"Pakosławice (2)";48;48;47;47;
1607092;"Skoroszyce (2)";60;60;60;60;
1608013;"Dobrodzień (3)";62;61;61;60;
1608023;"Gorzów Śląski (3)";47;47;46;46;
1608033;"Olesno (3)";74;74;74;74;
1608043;"Praszka (3)";133;132;132;131;
1608052;"Radłów (2)";37;37;37;37;
1608062;"Rudniki (2)";83;82;82;81;
1608072;"Zębowice (2)";39;39;38;38;
1609012;"Chrząstowice (2)";83;84;84;85;
1609022;"Dąbrowa (2)";74;72;72;72;
1609032;"Dobrzeń Wielki (2)";160;148;148;149;
1609042;"Komprachcice (2)";200;179;179;180;
1609052;"Łubniany (2)";77;78;78;78;
1609062;"Murów (2)";34;34;33;33;
1609073;"Niemodlin (3)";73;73;72;72;
1609083;"Ozimek (3)";157;156;156;156;
1609092;"Popielów (2)";46;46;46;46;
1609103;"Prószków (3)";81;77;77;77;
1609112;"Tarnów Opolski (2)";117;118;117;118;
1609123;"Tułowice (3)";;;64;64;
1609132;"Turawa (2)";57;58;58;58;
1610013;"Biała (3)";54;54;54;54;
1610023;"Głogówek (3)";79;79;78;78;
1610032;"Lubrza (2)";53;53;52;52;
1610043;"Prudnik (3)";225;224;223;222;
1611012;"Izbicko (2)";64;64;64;64;
1611022;"Jemielnica (2)";64;63;64;64;
1611033;"Kolonowskie (3)";71;71;71;70;
1611043;"Leśnica (3)";83;82;80;80;
1611053;"Strzelce Opolskie (3)";153;152;152;151;
1611063;"Ujazd (3)";76;77;77;77;
1611073;"Zawadzkie (3)";141;140;139;138;
1661011;"Opole (1)";1230;861;861;860;
1801032;"Czarna (2)";13;13;13;13;
1801052;"Lutowiska (2)";4;4;4;4;
1801083;"Ustrzyki Dolne (3)";37;36;36;36;
1802013;"Brzozów (3)";259;259;258;258;
1802022;"Domaradz (2)";108;108;108;108;
1802032;"Dydnia (2)";62;61;61;61;
1802042;"Haczów (2)";129;128;127;127;
1802052;"Jasienica Rosielna (2)";137;137;137;137;
1802062;"Nozdrzec (2)";68;68;67;66;
1803011;"Dębica (1)";1368;1362;1354;1345;
1803023;"Brzostek (3)";107;107;107;106;
1803032;"Czarna (2)";88;88;88;89;
1803042;"Dębica (2)";186;187;187;187;
1803052;"Jodłowa (2)";90;90;90;89;
1803063;"Pilzno (3)";109;110;110;111;
1803072;"Żyraków (2)";126;126;128;129;
1804011;"Jarosław (1)";1104;1095;1089;1083;
1804021;"Radymno (1)";393;392;390;387;
1804032;"Chłopice (2)";114;113;113;113;
1804042;"Jarosław (2)";116;116;116;116;
1804052;"Laszki (2)";51;51;50;50;
1804062;"Pawłosiów (2)";177;179;178;178;
1804073;"Pruchnik (3)";122;122;122;121;
1804082;"Radymno (2)";63;63;63;63;
1804092;"Rokietnica (2)";77;77;76;76;
1804102;"Roźwienica (2)";91;91;91;91;
1804112;"Wiązownica (2)";48;48;48;48;
1805011;"Jasło (1)";978;971;964;955;
1805022;"Brzyska (2)";146;146;146;146;
1805032;"Dębowiec (2)";102;102;102;103;
1805042;"Jasło (2)";176;175;176;176;
1805053;"Kołaczyce (3)";147;147;146;146;
1805062;"Krempna (2)";9;9;9;9;
1805072;"Nowy Żmigród (2)";89;88;88;87;
1805082;"Osiek Jasielski (2)";89;89;89;89;
1805092;"Skołyszyn (2)";159;160;160;159;
1805112;"Tarnowiec (2)";147;146;147;147;
1806012;"Cmolas (2)";61;60;60;60;
1806023;"Kolbuszowa (3)";145;145;146;145;
1806032;"Majdan Królewski (2)";64;63;64;63;
1806042;"Niwiska (2)";64;64;64;64;
1806052;"Raniżów (2)";73;73;73;73;
1806062;"Dzikowiec (2)";54;54;53;53;
1807012;"Chorkówka (2)";174;174;174;174;
1807023;"Dukla (3)";63;62;62;62;
1807033;"Iwonicz-Zdrój (3)";241;241;239;239;
1807043;"Jedlicze (3)";265;265;264;263;
1807052;"Korczyna (2)";120;120;120;120;
1807062;"Krościenko Wyżne (2)";342;344;346;344;
1807072;"Miejsce Piastowe (2)";266;266;267;267;
1807083;"Rymanów (3)";95;95;95;96;
1807092;"Wojaszówka (2)";111;112;112;112;
1807102;"Jaśliska (2)";21;13;13;13;
1808011;"Leżajsk (1)";680;680;675;671;
1808022;"Grodzisko Dolne (2)";103;102;102;102;
1808032;"Kuryłówka (2)";40;40;40;40;
1808042;"Leżajsk (2)";102;102;102;102;
1808053;"Nowa Sarzyna (3)";151;150;150;150;
1809011;"Lubaczów (1)";473;470;469;465;
1809023;"Cieszanów (3)";34;33;33;33;
1809032;"Horyniec-Zdrój (2)";24;24;23;23;
1809042;"Lubaczów (2)";45;45;45;45;
1809053;"Narol (3)";40;40;40;39;
1809063;"Oleszyce (3)";42;42;42;42;
1809072;"Stary Dzików (2)";27;27;27;27;
1809082;"Wielkie Oczy (2)";26;26;26;26;
1810011;"Łańcut (1)";914;915;913;912;
1810022;"Białobrzegi (2)";154;154;155;155;
1810032;"Czarna (2)";149;150;151;151;
1810042;"Łańcut (2)";204;205;205;206;
1810052;"Markowa (2)";95;95;95;94;
1810062;"Rakszawa (2)";110;110;110;111;
1810072;"Żołynia (2)";123;123;123;124;
1811011;"Mielec (1)";1290;1293;1290;1286;
1811022;"Borowa (2)";101;101;101;100;
1811032;"Czermin (2)";88;88;88;88;
1811042;"Gawłuszowice (2)";81;81;81;80;
1811052;"Mielec (2)";108;109;109;109;
1811062;"Padew Narodowa (2)";75;75;75;76;
1811073;"Przecław (3)";88;89;89;89;
1811083;"Radomyśl Wielki (3)";89;89;89;89;
1811092;"Tuszów Narodowy (2)";91;91;92;92;
1811102;"Wadowice Górne (2)";88;89;89;89;
1812012;"Harasiuki (2)";37;37;37;36;
1812022;"Jarocin (2)";60;59;59;59;
1812032;"Jeżowe (2)";82;82;82;81;
1812042;"Krzeszów (2)";68;69;69;68;
1812053;"Nisko (3)";157;157;157;157;
1812063;"Rudnik nad Sanem (3)";129;129;129;129;
1812073;"Ulanów (3)";70;70;70;69;
1813012;"Bircza (2)";26;26;26;26;
1813022;"Dubiecko (2)";60;60;60;59;
1813032;"Fredropol (2)";35;35;35;34;
1813042;"Krasiczyn (2)";41;41;42;41;
1813052;"Krzywcza (2)";52;52;51;51;
1813062;"Medyka (2)";108;108;108;108;
1813072;"Orły (2)";126;126;126;126;
1813082;"Przemyśl (2)";97;97;98;98;
1813092;"Stubno (2)";44;44;44;44;
1813102;"Żurawica (2)";134;135;136;135;
1814011;"Przeworsk (1)";702;698;695;691;
1814022;"Adamówka (2)";31;30;30;30;
1814032;"Gać (2)";128;128;128;129;
1814042;"Jawornik Polski (2)";71;71;71;71;
1814053;"Kańczuga (3)";118;118;118;117;
1814062;"Przeworsk (2)";164;164;164;164;
1814073;"Sieniawa (3)";55;55;55;55;
1814082;"Tryńcza (2)";120;121;121;121;
1814092;"Zarzecze (2)";147;147;147;147;
1815012;"Iwierzyce (2)";118;118;118;118;
1815022;"Ostrów (2)";75;75;76;76;
1815033;"Ropczyce (3)";196;197;197;198;
1815043;"Sędziszów Małopolski (3)";152;153;153;154;
1815052;"Wielopole Skrzyńskie (2)";89;88;88;87;
1816011;"Dynów (1)";252;250;250;249;
1816023;"Błażowa (3)";96;96;96;96;
1816033;"Boguchwała (3)";227;230;232;233;
1816042;"Chmielnik (2)";129;131;131;131;
1816052;"Dynów (2)";58;58;58;58;
1816063;"Głogów Małopolski (3)";136;137;139;137;
1816072;"Hyżne (2)";137;137;137;138;
1816082;"Kamień (2)";93;93;93;93;
1816092;"Krasne (2)";281;284;290;296;
1816102;"Lubenia (2)";117;117;117;117;
1816113;"Sokołów Małopolski (3)";127;128;128;128;
1816122;"Świlcza (2)";147;148;149;150;
1816132;"Trzebownisko (2)";235;239;243;247;
1816143;"Tyczyn (3)";199;202;203;195;
1817011;"Sanok (1)";1005;997;987;981;
1817022;"Besko (2)";164;164;164;164;
1817032;"Bukowsko (2)";41;41;41;40;
1817042;"Komańcza (2)";11;12;12;12;
1817052;"Sanok (2)";77;77;78;78;
1817062;"Tyrawa Wołoska (2)";29;28;29;29;
1817073;"Zagórz (3)";82;82;82;82;
1817082;"Zarszyn (2)";89;89;89;88;
1818011;"Stalowa Wola (1)";756;750;741;733;
1818022;"Bojanów (2)";42;42;42;42;
1818032;"Pysznica (2)";74;75;76;76;
1818042;"Radomyśl nad Sanem (2)";55;54;55;55;
1818053;"Zaklików (3)";43;43;42;42;
1818062;"Zaleszany (2)";125;124;125;126;
1819012;"Czudec (2)";139;140;140;139;
1819022;"Frysztak (2)";116;115;115;114;
1819032;"Niebylec (2)";101;101;101;101;
1819043;"Strzyżów (3)";148;148;148;147;
1819052;"Wiśniowa (2)";98;97;97;96;
1820013;"Baranów Sandomierski (3)";99;99;98;98;
1820022;"Gorzyce (2)";193;193;192;190;
1820032;"Grębów (2)";53;53;53;53;
1820043;"Nowa Dęba (3)";127;127;126;126;
1821012;"Baligród (2)";20;20;20;20;
1821022;"Cisna (2)";6;6;6;6;
1821033;"Lesko (3)";103;103;102;102;
1821042;"Olszanica (2)";53;53;52;52;
1821052;"Solina (2)";29;29;29;29;
1861011;"Krosno (1)";1070;1071;1069;1064;
1862011;"Przemyśl (1)";1346;1339;1327;1314;
1863011;"Rzeszów (1)";1611;1575;1591;1550;
1864011;"Tarnobrzeg (1)";557;555;551;547;
2001011;"Augustów (1)";375;374;374;373;
2001022;"Augustów (2)";26;26;25;25;
2001032;"Bargłów Kościelny (2)";30;30;30;29;
2001043;"Lipsk (3)";29;29;28;27;
2001052;"Nowinka (2)";14;14;14;14;
2001062;"Płaska (2)";7;7;7;7;
2001072;"Sztabin (2)";14;14;14;14;
2002013;"Choroszcz (3)";91;91;93;95;
2002023;"Czarna Białostocka (3)";56;56;55;55;
2002032;"Dobrzyniewo Duże (2)";56;57;58;58;
2002042;"Gródek (2)";12;12;12;12;
2002052;"Juchnowiec Kościelny (2)";92;93;95;96;
2002063;"Łapy (3)";174;173;172;171;
2002073;"Michałowo (3)";17;16;16;16;
2002082;"Poświętne (2)";30;30;30;29;
2002093;"Supraśl (3)";79;80;81;83;
2002103;"Suraż (3)";26;26;26;26;
2002112;"Turośń Kościelna (2)";44;44;45;46;
2002123;"Tykocin (3)";30;30;30;30;
2002133;"Wasilków (3)";126;129;133;138;
2002143;"Zabłudów (3)";27;27;27;27;
2002152;"Zawady (2)";25;25;24;24;
2003011;"Bielsk Podlaski (1)";956;948;939;935;
2003021;"Brańsk (1)";117;117;116;116;
2003032;"Bielsk Podlaski (2)";16;16;15;15;
2003042;"Boćki (2)";19;19;19;18;
2003052;"Brańsk (2)";26;26;25;25;
2003062;"Orla (2)";18;17;17;17;
2003072;"Rudka (2)";27;27;27;27;
2003082;"Wyszki (2)";22;22;21;21;
2004011;"Grajewo (1)";1168;1164;1158;1156;
2004022;"Grajewo (2)";19;19;19;19;
2004032;"Radziłów (2)";24;24;24;24;
2004043;"Rajgród (3)";26;25;25;25;
2004053;"Szczuczyn (3)";53;53;53;52;
2004062;"Wąsosz (2)";32;31;31;30;
2005011;"Hajnówka (1)";993;983;972;962;
2005022;"Białowieża (2)";11;11;11;11;
2005032;"Czeremcha (2)";34;33;33;32;
2005042;"Czyże (2)";15;15;15;15;
2005052;"Dubicze Cerkiewne (2)";10;10;10;10;
2005062;"Hajnówka (2)";13;13;13;13;
2005073;"Kleszczele (3)";18;18;17;17;
2005082;"Narew (2)";15;15;15;14;
2005092;"Narewka (2)";11;11;11;11;
2006011;"Kolno (1)";417;414;409;407;
2006022;"Grabowo (2)";28;27;27;26;
2006032;"Kolno (2)";31;31;31;30;
2006042;"Mały Płock (2)";35;35;34;34;
2006053;"Stawiski (3)";38;38;37;37;
2006062;"Turośl (2)";26;26;26;26;
2007013;"Jedwabne (3)";34;34;33;33;
2007022;"Łomża (2)";53;53;54;54;
2007032;"Miastkowo (2)";37;37;37;37;
2007043;"Nowogród (3)";40;40;40;40;
2007052;"Piątnica (2)";49;49;49;49;
2007062;"Przytuły (2)";30;30;29;29;
2007072;"Śniadowo (2)";33;33;33;33;
2007082;"Wizna (2)";31;31;30;30;
2007092;"Zbójna (2)";23;22;23;23;
2008013;"Goniądz (3)";13;13;13;13;
2008022;"Jasionówka (2)";29;29;29;29;
2008032;"Jaświły (2)";29;29;28;28;
2008043;"Knyszyn (3)";38;38;38;37;
2008052;"Krypno (2)";36;36;36;35;
2008063;"Mońki (3)";93;93;92;92;
2008072;"Trzcianne (2)";13;13;13;13;
2009011;"Sejny (1)";1235;1219;1190;1171;
2009022;"Giby (2)";9;9;8;8;
2009032;"Krasnopol (2)";22;22;22;22;
2009042;"Puńsk (2)";30;30;30;30;
2009052;"Sejny (2)";19;18;19;18;
2010011;"Siemiatycze (1)";404;402;400;397;
2010023;"Drohiczyn (3)";31;31;30;30;
2010032;"Dziadkowice (2)";24;24;24;23;
2010042;"Grodzisk (2)";21;21;21;21;
2010052;"Mielnik (2)";12;12;12;12;
2010062;"Milejczyce (2)";12;12;12;11;
2010072;"Nurzec-Stacja (2)";19;18;18;18;
2010082;"Perlejewo (2)";27;27;26;26;
2010092;"Siemiatycze (2)";27;27;27;27;
2011013;"Dąbrowa Białostocka (3)";45;44;44;43;
2011022;"Janów (2)";20;20;20;20;
2011032;"Korycin (2)";28;28;28;27;
2011043;"Krynki (3)";19;19;19;18;
2011052;"Kuźnica (2)";31;30;30;29;
2011062;"Nowy Dwór (2)";23;22;22;22;
2011072;"Sidra (2)";20;20;20;20;
2011083;"Sokółka (3)";82;82;81;81;
2011093;"Suchowola (3)";27;27;27;27;
2011102;"Szudziałowo (2)";10;10;10;9;
2012012;"Bakałarzewo (2)";26;25;25;25;
2012022;"Filipów (2)";29;29;29;28;
2012032;"Jeleniewo (2)";24;24;24;24;
2012042;"Przerośl (2)";24;24;24;24;
2012052;"Raczki (2)";42;42;42;42;
2012062;"Rutka-Tartak (2)";23;23;23;22;
2012072;"Suwałki (2)";28;29;29;29;
2012082;"Szypliszki (2)";25;25;25;25;
2012092;"Wiżajny (2)";21;21;21;21;
2013011;"Wysokie Mazowieckie (1)";618;616;618;613;
2013023;"Ciechanowiec (3)";44;43;43;43;
2013033;"Czyżew (3)";50;49;49;49;
2013042;"Klukowo (2)";36;36;36;35;
2013052;"Kobylin-Borzymy (2)";28;27;27;27;
2013062;"Kulesze Kościelne (2)";27;27;27;27;
2013072;"Nowe Piekuty (2)";36;36;36;35;
2013082;"Sokoły (2)";37;37;37;37;
2013093;"Szepietowo (3)";47;46;46;45;
2013102;"Wysokie Mazowieckie (2)";32;33;32;33;
2014011;"Zambrów (1)";1167;1166;1165;1158;
2014022;"Kołaki Kościelne (2)";32;32;31;31;
2014032;"Rutki (2)";28;28;28;28;
2014042;"Szumowo (2)";35;35;34;34;
2014052;"Zambrów (2)";30;30;30;30;
2061011;"Białystok (1)";2904;2911;2913;2913;
2062011;"Łomża (1)";1922;1931;1928;1927;
2063011;"Suwałki (1)";1063;1062;1066;1065;
2201012;"Borzytuchom (2)";29;30;31;31;
2201023;"Bytów (3)";129;129;129;129;
2201032;"Czarna Dąbrówka (2)";20;20;20;20;
2201042;"Kołczygłowy (2)";25;25;25;25;
2201052;"Lipnica (2)";17;17;17;17;
2201063;"Miastko (3)";42;42;42;42;
2201072;"Parchowo (2)";28;28;29;29;
2201082;"Studzienice (2)";21;21;21;21;
2201092;"Trzebielino (2)";16;16;16;16;
2201102;"Tuchomie (2)";38;39;39;39;
2202011;"Chojnice (1)";1901;1898;1897;1892;
2202023;"Brusy (3)";36;36;36;36;
2202032;"Chojnice (2)";41;41;42;42;
2202043;"Czersk (3)";57;57;57;57;
2202052;"Konarzyny (2)";22;22;22;22;
2203011;"Człuchów (1)";1091;1085;1073;1066;
2203023;"Czarne (3)";39;39;39;39;
2203032;"Człuchów (2)";30;31;31;31;
2203043;"Debrzno (3)";41;41;41;40;
2203052;"Koczała (2)";15;15;15;15;
2203062;"Przechlewo (2)";26;26;26;26;
2203072;"Rzeczenica (2)";13;13;13;13;
2204011;"Pruszcz Gdański (1)";1828;1850;1875;1902;
2204022;"Cedry Wielkie (2)";56;56;56;56;
2204032;"Kolbudy (2)";198;204;211;216;
2204042;"Pruszcz Gdański (2)";195;203;210;218;
2204052;"Przywidz (2)";45;45;46;46;
2204062;"Pszczółki (2)";184;188;191;194;
2204072;"Suchy Dąb (2)";50;50;50;50;
2204082;"Trąbki Wielkie (2)";68;68;68;69;
2205012;"Chmielno (2)";95;97;99;99;
2205023;"Kartuzy (3)";163;163;164;165;
2205032;"Przodkowo (2)";105;108;111;113;
2205042;"Sierakowice (2)";106;108;109;110;
2205052;"Somonino (2)";93;94;96;96;
2205062;"Stężyca (2)";64;65;65;66;
2205072;"Sulęczyno (2)";41;42;42;42;
2205083;"Żukowo (3)";217;228;238;249;
2206011;"Kościerzyna (1)";1504;1501;1498;1497;
2206022;"Dziemiany (2)";35;35;35;35;
2206032;"Karsin (2)";37;37;37;37;
2206042;"Kościerzyna (2)";50;51;52;52;
2206052;"Liniewo (2)";42;42;42;42;
2206062;"Lipusz (2)";34;34;34;34;
2206072;"Nowa Karczma (2)";60;61;61;62;
2206082;"Stara Kiszewa (2)";31;32;32;32;
2207011;"Kwidzyn (1)";1793;1790;1786;1784;
2207022;"Gardeja (2)";44;44;44;44;
2207032;"Kwidzyn (2)";55;55;55;55;
2207043;"Prabuty (3)";67;67;67;66;
2207052;"Ryjewo (2)";57;57;56;56;
2207062;"Sadlinki (2)";53;53;53;53;
2208011;"Lębork (1)";1981;1983;1980;1975;
2208021;"Łeba (1)";252;249;248;217;
2208032;"Cewice (2)";40;40;40;40;
2208042;"Nowa Wieś Lęborska (2)";50;50;50;50;
2208052;"Wicko (2)";28;28;28;28;
2209011;"Malbork (1)";2264;2257;2248;2235;
2209032;"Lichnowy (2)";53;52;52;52;
2209042;"Malbork (2)";47;48;48;48;
2209062;"Miłoradz (2)";36;36;36;36;
2209073;"Nowy Staw (3)";67;67;67;67;
2209082;"Stare Pole (2)";59;59;59;59;
2210011;"Krynica Morska (1)";11;11;11;11;
2210023;"Nowy Dwór Gdański (3)";84;84;83;83;
2210032;"Ostaszewo (2)";53;53;53;53;
2210042;"Stegna (2)";58;58;57;57;
2210052;"Sztutowo (2)";33;33;33;33;
2211011;"Hel (1)";159;155;143;142;
2211023;"Jastarnia (3)";;482;372;370;
2211031;"Puck (1)";2360;2352;2347;2347;
2211043;"Władysławowo (3)";394;395;366;365;
2211052;"Kosakowo (2)";267;280;296;311;
2211062;"Krokowa (2)";51;51;51;51;
2211072;"Puck (2)";108;110;111;112;
2212011;"Ustka (1)";1552;1542;1524;1508;
2212022;"Damnica (2)";37;37;36;36;
2212032;"Dębnica Kaszubska (2)";33;33;32;32;
2212042;"Główczyce (2)";29;28;28;28;
2212053;"Kępice (3)";32;32;31;31;
2212062;"Kobylnica (2)";49;50;52;53;
2212072;"Potęgowo (2)";31;31;30;30;
2212082;"Słupsk (2)";66;68;69;70;
2212092;"Smołdzino (2)";13;13;13;13;
2212102;"Ustka (2)";39;38;38;38;
2213013;"Czarna Woda (3)";117;116;115;113;
2213021;"Skórcz (1)";977;994;995;998;
2213031;"Starogard Gdański (1)";1905;1901;1890;1886;
2213042;"Bobowo (2)";61;61;62;62;
2213052;"Kaliska (2)";48;49;49;49;
2213062;"Lubichowo (2)";40;41;41;41;
2213072;"Osieczna (2)";23;23;23;23;
2213082;"Osiek (2)";16;15;15;15;
2213093;"Skarszewy (3)";87;87;87;88;
2213102;"Skórcz (2)";48;48;47;47;
2213112;"Smętowo Graniczne (2)";61;61;61;60;
2213122;"Starogard Gdański (2)";82;83;85;85;
2213132;"Zblewo (2)";84;84;85;86;
2214011;"Tczew (1)";2693;2692;2693;2679;
2214023;"Gniew (3)";81;81;80;80;
2214032;"Morzeszczyn (2)";40;40;40;40;
2214043;"Pelplin (3)";117;116;116;115;
2214052;"Subkowy (2)";71;71;70;70;
2214062;"Tczew (2)";83;84;86;88;
2215011;"Reda (1)";736;750;771;786;
2215021;"Rumia (1)";1598;1616;1629;1636;
2215031;"Wejherowo (1)";1854;1850;1845;1834;
2215042;"Choczewo (2)";30;30;30;30;
2215052;"Gniewino (2)";42;43;42;42;
2215062;"Linia (2)";52;53;53;54;
2215072;"Luzino (2)";140;143;146;148;
2215082;"Łęczyce (2)";52;52;52;52;
2215092;"Szemud (2)";96;99;101;103;
2215102;"Wejherowo (2)";127;130;133;137;
2216013;"Dzierzgoń (3)";72;71;71;70;
2216022;"Mikołajki Pomorskie (2)";41;40;40;40;
2216032;"Stary Dzierzgoń (2)";22;22;21;21;
2216042;"Stary Targ (2)";45;45;44;44;
2216053;"Sztum (3)";103;103;102;101;
2261011;"Gdańsk (1)";1770;1772;1781;1798;
2262011;"Gdynia (1)";1828;1823;1823;1823;
2263011;"Słupsk (1)";2131;2120;2109;2102;
2264011;"Sopot (1)";2132;2114;2086;2067;
2401011;"Będzin (1)";1540;1534;1520;1508;
2401021;"Czeladź (1)";1958;1948;1934;1917;
2401031;"Wojkowice (1)";709;702;699;699;
2401042;"Bobrowniki (2)";232;232;234;236;
2401052;"Mierzęcice (2)";155;156;155;154;
2401062;"Psary (2)";259;261;263;265;
2401073;"Siewierz (3)";109;109;110;109;
2401081;"Sławków (1)";193;192;192;190;
2402011;"Szczyrk (1)";147;146;147;147;
2402022;"Bestwina (2)";305;308;311;314;
2402032;"Buczkowice (2)";573;578;574;577;
2402043;"Czechowice-Dziedzice (3)";676;680;683;684;
2402052;"Jasienica (2)";257;260;263;266;
2402062;"Jaworze (2)";340;342;345;350;
2402072;"Kozy (2)";478;483;486;487;
2402082;"Porąbka (2)";241;241;242;243;
2402093;"Wilamowice (3)";299;302;305;309;
2402102;"Wilkowice (2)";387;387;389;390;
2403011;"Cieszyn (1)";1227;1219;1210;1203;
2403021;"Ustroń (1)";272;273;272;272;
2403031;"Wisła (1)";100;101;101;101;
2403042;"Brenna (2)";117;117;117;118;
2403052;"Chybie (2)";307;307;309;309;
2403062;"Dębowiec (2)";137;136;137;137;
2403072;"Goleszów (2)";199;199;199;200;
2403082;"Hażlach (2)";219;221;222;224;
2403092;"Istebna (2)";143;144;144;144;
2403103;"Skoczów (3)";422;423;424;423;
2403113;"Strumień (3)";223;225;225;227;
2403122;"Zebrzydowice (2)";318;321;320;320;
2404013;"Blachownia (3)";197;196;195;194;
2404022;"Dąbrowa Zielona (2)";39;39;39;39;
2404032;"Janów (2)";41;41;41;41;
2404042;"Kamienica Polska (2)";121;121;120;120;
2404052;"Kłomnice (2)";92;92;92;91;
2404063;"Koniecpol (3)";66;66;65;64;
2404072;"Konopiska (2)";137;137;137;137;
2404082;"Kruszyna (2)";52;52;52;51;
2404092;"Lelów (2)";40;40;39;39;
2404102;"Mstów (2)";90;90;91;91;
2404112;"Mykanów (2)";106;106;106;107;
2404122;"Olsztyn (2)";72;71;72;72;
2404132;"Poczesna (2)";213;212;212;212;
2404142;"Przyrów (2)";48;47;47;47;
2404152;"Rędziny (2)";244;242;243;241;
2404162;"Starcza (2)";140;141;141;141;
2405011;"Knurów (1)";1138;1137;1131;1123;
2405021;"Pyskowice (1)";596;596;597;597;
2405032;"Gierałtowice (2)";313;316;317;320;
2405042;"Pilchowice (2)";168;170;170;172;
2405052;"Rudziniec (2)";67;67;67;67;
2405063;"Sośnicowice (3)";75;76;76;76;
2405073;"Toszek (3)";94;94;94;94;
2405082;"Wielowieś (2)";51;51;50;50;
2406013;"Kłobuck (3)";158;158;157;156;
2406023;"Krzepice (3)";117;117;116;115;
2406032;"Lipie (2)";64;64;63;63;
2406042;"Miedźno (2)";67;67;67;67;
2406052;"Opatów (2)";93;93;93;93;
2406062;"Panki (2)";93;93;93;92;
2406072;"Popów (2)";58;58;58;57;
2406082;"Przystajń (2)";66;66;66;66;
2406092;"Wręczyca Wielka (2)";119;120;120;120;
2407011;"Lubliniec (1)";268;267;267;266;
2407022;"Boronów (2)";59;59;59;60;
2407032;"Ciasna (2)";56;56;56;56;
2407042;"Herby (2)";80;80;80;79;
2407052;"Kochanowice (2)";86;87;86;87;
2407062;"Koszęcin (2)";92;92;92;91;
2407072;"Pawonków (2)";56;56;56;56;
2407083;"Woźniki (3)";76;76;75;75;
2408011;"Łaziska Górne (1)";1117;1116;1113;1106;
2408021;"Mikołów (1)";506;510;515;518;
2408031;"Orzesze (1)";246;248;250;253;
2408042;"Ornontowice (2)";385;389;393;400;
2408052;"Wyry (2)";230;234;238;243;
2409011;"Myszków (1)";437;434;432;429;
2409023;"Koziegłowy (3)";90;90;90;90;
2409032;"Niegowa (2)";65;65;64;64;
2409042;"Poraj (2)";192;191;191;191;
2409053;"Żarki (3)";84;84;84;84;
2410012;"Goczałkowice-Zdrój (2)";141;142;143;143;
2410022;"Kobiór (2)";102;102;102;102;
2410032;"Miedźna (2)";324;326;329;331;
2410042;"Pawłowice (2)";239;240;240;240;
2410053;"Pszczyna (3)";299;300;301;302;
2410062;"Suszec (2)";161;162;164;164;
2411011;"Racibórz (1)";739;736;732;730;
2411022;"Kornowac (2)";197;197;197;197;
2411033;"Krzanowice (3)";122;122;122;122;
2411042;"Krzyżanowice (2)";163;163;162;162;
2411053;"Kuźnia Raciborska (3)";94;94;94;93;
2411062;"Nędza (2)";129;130;130;130;
2411072;"Pietrowice Wielkie (2)";102;102;102;101;
2411082;"Rudnik (2)";70;70;70;70;
2412013;"Czerwionka-Leszczyny (3)";367;368;368;367;
2412022;"Gaszowice (2)";483;486;490;494;
2412032;"Jejkowice (2)";540;545;544;547;
2412042;"Lyski (2)";168;168;168;168;
2412052;"Świerklany (2)";508;511;513;517;
2413011;"Kalety (1)";113;113;113;113;
2413021;"Miasteczko Śląskie (1)";109;109;110;110;
2413031;"Radzionków (1)";1278;1273;1274;1278;
2413041;"Tarnowskie Góry (1)";731;732;733;735;
2413052;"Krupski Młyn (2)";82;82;82;81;
2413062;"Ożarowice (2)";125;125;126;126;
2413072;"Świerklaniec (2)";268;270;274;278;
2413082;"Tworóg (2)";65;65;66;66;
2413092;"Zbrosławice (2)";107;108;109;110;
2414011;"Bieruń (1)";485;485;484;482;
2414021;"Imielin (1)";318;323;327;328;
2414031;"Lędziny (1)";528;531;532;531;
2414042;"Bojszowy (2)";221;225;227;228;
2414052;"Chełm Śląski (2)";266;268;271;273;
2415011;"Pszów (1)";694;691;685;677;
2415021;"Radlin (1)";1426;1425;1421;1417;
2415031;"Rydułtowy (1)";1453;1452;1447;1439;
2415041;"Wodzisław Śląski (1)";981;976;972;966;
2415052;"Godów (2)";358;359;361;363;
2415062;"Gorzyce (2)";325;327;329;330;
2415072;"Lubomia (2)";189;189;190;189;
2415082;"Marklowice (2)";395;398;396;395;
2415092;"Mszana (2)";244;245;246;246;
2416011;"Poręba (1)";217;215;214;212;
2416021;"Zawiercie (1)";590;585;581;577;
2416032;"Irządze (2)";38;38;37;37;
2416042;"Kroczyce (2)";57;58;58;57;
2416053;"Łazy (3)";121;120;120;120;
2416063;"Ogrodzieniec (3)";109;108;108;107;
2416073;"Pilica (3)";61;61;61;60;
2416083;"Szczekociny (3)";59;58;58;57;
2416092;"Włodowice (2)";68;68;68;68;
2416102;"Żarnowiec (2)";38;37;37;37;
2417011;"Żywiec (1)";626;624;621;615;
2417022;"Czernichów (2)";121;121;121;120;
2417032;"Gilowice (2)";222;223;224;224;
2417042;"Jeleśnia (2)";78;78;78;78;
2417052;"Koszarawa (2)";77;75;76;75;
2417062;"Lipowa (2)";181;183;184;185;
2417072;"Łękawica (2)";105;106;106;106;
2417082;"Łodygowice (2)";395;398;402;406;
2417092;"Milówka (2)";102;102;102;102;
2417102;"Radziechowy-Wieprz (2)";202;201;202;202;
2417112;"Rajcza (2)";68;68;67;67;
2417122;"Ślemień (2)";79;79;79;78;
2417132;"Świnna (2)";207;207;207;206;
2417142;"Ujsoły (2)";41;41;41;40;
2417152;"Węgierska Górka (2)";198;198;197;197;
2461011;"Bielsko-Biała (1)";1382;1377;1375;1371;
2462011;"Bytom (1)";2443;2425;2402;2380;
2463011;"Chorzów (1)";3291;3280;3262;3243;
2464011;"Częstochowa (1)";1416;1405;1392;1380;
2465011;"Dąbrowa Górnicza (1)";645;642;637;633;
2466011;"Gliwice (1)";1361;1354;1343;1334;
2467011;"Jastrzębie-Zdrój (1)";1053;1050;1045;1040;
2468011;"Jaworzno (1)";606;604;600;597;
2469011;"Katowice (1)";1811;1799;1789;1778;
2470011;"Mysłowice (1)";1137;1138;1137;1137;
2471011;"Piekary Śląskie (1)";1400;1392;1383;1376;
2472011;"Ruda Śląska (1)";1790;1783;1775;1767;
2473011;"Rybnik (1)";939;938;935;931;
2474011;"Siemianowice Śląskie (1)";2663;2648;2633;2621;
2475011;"Sosnowiec (1)";2261;2240;2219;2196;
2476011;"Świętochłowice (1)";3805;3785;3757;3723;
2477011;"Tychy (1)";1569;1567;1563;1560;
2478011;"Zabrze (1)";2182;2169;2156;2144;
2479011;"Żory (1)";959;963;966;966;
2601013;"Busko-Zdrój (3)";138;138;137;137;
2601022;"Gnojno (2)";46;46;46;45;
2601033;"Nowy Korczyn (3)";;;;51;
2601043;"Pacanów (3)";;;;59;
2601052;"Solec-Zdrój (2)";60;59;59;59;
2601063;"Stopnica (3)";61;61;61;60;
2601072;"Tuczępy (2)";45;45;45;45;
2601083;"Wiślica (3)";;;55;54;
2602012;"Imielno (2)";44;44;44;43;
2602023;"Jędrzejów (3)";126;125;124;123;
2602033;"Małogoszcz (3)";80;80;80;79;
2602042;"Nagłowice (2)";43;43;42;42;
2602052;"Oksa (2)";51;51;51;50;
2602063;"Sędziszów (3)";87;87;86;85;
2602072;"Słupia (2)";40;40;40;40;
2602082;"Sobków (2)";59;59;59;59;
2602092;"Wodzisław (2)";40;40;40;39;
2603012;"Bejsce (2)";72;71;70;70;
2603022;"Czarnocin (2)";55;55;54;53;
2603033;"Kazimierza Wielka (3)";117;116;116;115;
2603043;"Opatowiec (3)";;;;48;
2603053;"Skalbmierz (3)";77;76;76;75;
2604012;"Bieliny (2)";116;116;116;117;
2604023;"Bodzentyn (3)";73;73;72;72;
2604033;"Chęciny (3)";118;118;119;119;
2604043;"Chmielnik (3)";80;80;80;79;
2604053;"Daleszyce (3)";71;71;71;71;
2604062;"Górno (2)";170;172;173;175;
2604073;"Łagów (3)";;;61;61;
2604082;"Łopuszno (2)";51;51;51;51;
2604092;"Masłów (2)";125;126;128;129;
2604102;"Miedziana Góra (2)";159;160;161;164;
2604112;"Mniów (2)";98;98;98;98;
2604123;"Morawica (3)";;116;117;119;
2604133;"Nowa Słupia (3)";;;;110;
2604142;"Piekoszów (2)";159;160;160;160;
2604153;"Pierzchnica (3)";;;;45;
2604162;"Raków (2)";30;30;30;29;
2604172;"Nowiny (2)";169;171;172;173;
2604182;"Strawczyn (2)";123;124;125;127;
2604192;"Zagnańsk (2)";104;104;104;104;
2605012;"Fałków (2)";35;34;34;33;
2605022;"Gowarczów (2)";46;46;46;45;
2605033;"Końskie (3)";144;143;142;140;
2605043;"Radoszyce (3)";;;61;61;
2605052;"Ruda Maleniecka (2)";29;28;28;28;
2605062;"Słupia Konecka (2)";32;32;32;31;
2605072;"Smyków (2)";61;61;61;61;
2605083;"Stąporków (3)";75;74;73;72;
2606012;"Baćkowice (2)";51;51;51;51;
2606022;"Iwaniska (2)";65;64;64;63;
2606032;"Lipnik (2)";66;65;65;64;
2606043;"Opatów (3)";105;105;103;103;
2606053;"Ożarów (3)";60;59;59;58;
2606062;"Sadowie (2)";49;49;48;48;
2606072;"Tarłów (2)";32;32;32;31;
2606082;"Wojciechowice (2)";48;47;47;46;
2607011;"Ostrowiec Świętokrzyski (1)";1520;1504;1487;1472;
2607022;"Bałtów (2)";33;33;33;32;
2607032;"Bodzechów (2)";111;111;110;109;
2607043;"Ćmielów (3)";63;63;62;62;
2607053;"Kunów (3)";88;87;87;86;
2607062;"Waśniów (2)";62;62;62;61;
2608013;"Działoszyce (3)";48;48;47;46;
2608022;"Kije (2)";45;44;44;44;
2608032;"Michałów (2)";41;41;41;41;
2608043;"Pińczów (3)";99;98;98;97;
2608052;"Złota (2)";55;54;54;54;
2609011;"Sandomierz (1)";836;832;824;814;
2609022;"Dwikozy (2)";105;105;104;103;
2609032;"Klimontów (2)";82;82;81;80;
2609043;"Koprzywnica (3)";98;97;96;96;
2609052;"Łoniów (2)";87;87;86;86;
2609062;"Obrazów (2)";91;90;89;89;
2609072;"Samborzec (2)";101;100;100;99;
2609082;"Wilczyce (2)";54;54;53;53;
2609093;"Zawichost (3)";57;56;55;55;
2610011;"Skarżysko-Kamienna (1)";721;714;704;697;
2610022;"Bliżyn (2)";58;58;58;57;
2610032;"Łączna (2)";84;83;82;81;
2610042;"Skarżysko Kościelne (2)";116;115;114;112;
2610053;"Suchedniów (3)";138;137;136;135;
2611011;"Starachowice (1)";1569;1556;1539;1521;
2611022;"Brody (2)";68;68;68;67;
2611032;"Mirzec (2)";75;75;75;74;
2611042;"Pawłów (2)";111;111;111;111;
2611053;"Wąchock (3)";84;84;83;83;
2612012;"Bogoria (2)";64;64;63;63;
2612022;"Łubnice (2)";49;49;49;49;
2612033;"Oleśnica (3)";;;;73;
2612043;"Osiek (3)";60;60;60;59;
2612053;"Połaniec (3)";159;159;158;157;
2612062;"Rytwiany (2)";51;51;51;51;
2612073;"Staszów (3)";115;114;113;113;
2612083;"Szydłów (3)";;;;43;
2613012;"Kluczewsko (2)";38;38;38;38;
2613022;"Krasocin (2)";55;55;55;55;
2613032;"Moskorzew (2)";38;37;37;36;
2613042;"Radków (2)";29;29;28;28;
2613052;"Secemin (2)";30;30;30;30;
2613063;"Włoszczowa (3)";77;77;77;76;
2661011;"Kielce (1)";1803;1795;1785;1777;
2801011;"Bartoszyce (1)";2036;2020;2002;1975;
2801021;"Górowo Iławeckie (1)";1225;1211;1197;1187;
2801032;"Bartoszyce (2)";26;25;25;25;
2801043;"Bisztynek (3)";32;32;31;31;
2801052;"Górowo Iławeckie (2)";17;17;17;16;
2801063;"Sępopol (3)";26;26;25;25;
2802011;"Braniewo (1)";1380;1376;1376;1369;
2802022;"Braniewo (2)";20;20;20;20;
2802033;"Frombork (3)";29;29;29;29;
2802042;"Lelkowo (2)";15;15;15;14;
2802053;"Pieniężno (3)";26;26;26;25;
2802062;"Płoskinia (2)";15;15;15;15;
2802072;"Wilczęta (2)";21;20;20;20;
2803011;"Działdowo (1)";1862;1863;1855;1855;
2803022;"Działdowo (2)";36;36;36;36;
2803032;"Iłowo-Osada (2)";70;70;70;69;
2803043;"Lidzbark (3)";57;56;56;55;
2803052;"Płośnica (2)";35;35;35;34;
2803062;"Rybno (2)";49;49;49;48;
2804012;"Elbląg (2)";39;39;39;39;
2804022;"Godkowo (2)";19;19;18;18;
2804032;"Gronowo Elbląskie (2)";58;58;58;58;
2804042;"Markusy (2)";38;38;37;37;
2804052;"Milejewo (2)";35;36;36;36;
2804063;"Młynary (3)";28;28;28;28;
2804073;"Pasłęk (3)";74;74;73;73;
2804082;"Rychliki (2)";30;29;29;29;
2804093;"Tolkmicko (3)";33;33;32;32;
2805011;"Ełk (1)";2901;2923;2942;2951;
2805022;"Ełk (2)";30;30;31;31;
2805032;"Kalinowo (2)";24;24;24;23;
2805042;"Prostki (2)";32;32;32;31;
2805052;"Stare Juchy (2)";20;19;19;19;
2806011;"Giżycko (1)";2160;2149;2143;2136;
2806042;"Giżycko (2)";28;28;28;29;
2806052;"Kruklanki (2)";16;16;16;16;
2806062;"Miłki (2)";22;22;22;22;
2806083;"Ryn (3)";28;28;28;28;
2806102;"Wydminy (2)";27;27;27;27;
2807011;"Iława (1)";1513;1514;1520;1523;
2807021;"Lubawa (1)";606;610;616;617;
2807032;"Iława (2)";30;30;31;31;
2807043;"Kisielice (3)";35;35;35;35;
2807052;"Lubawa (2)";45;46;45;45;
2807063;"Susz (3)";50;50;49;49;
2807073;"Zalewo (3)";27;27;27;27;
2808011;"Kętrzyn (1)";2656;2655;2644;2614;
2808022;"Barciany (2)";22;21;21;21;
2808032;"Kętrzyn (2)";30;29;29;29;
2808043;"Korsze (3)";40;40;39;39;
2808053;"Reszel (3)";43;42;42;42;
2808062;"Srokowo (2)";20;20;20;19;
2809011;"Lidzbark Warmiński (1)";1118;1106;1102;1094;
2809022;"Kiwity (2)";23;23;23;23;
2809032;"Lidzbark Warmiński (2)";18;18;18;18;
2809042;"Lubomino (2)";24;24;24;24;
2809053;"Orneta (3)";50;50;49;49;
2810011;"Mrągowo (1)";1480;1478;1466;1456;
2810023;"Mikołajki (3)";32;32;32;32;
2810032;"Mrągowo (2)";27;27;27;27;
2810042;"Piecki (2)";25;24;24;24;
2810052;"Sorkwity (2)";25;25;25;25;
2811012;"Janowiec Kościelny (2)";24;24;24;24;
2811022;"Janowo (2)";14;14;14;14;
2811032;"Kozłowo (2)";24;24;24;24;
2811043;"Nidzica (3)";56;56;56;55;
2812011;"Nowe Miasto Lubawskie (1)";975;967;961;954;
2812022;"Biskupiec (2)";39;39;39;39;
2812032;"Grodziczno (2)";41;41;41;41;
2812042;"Kurzętnik (2)";61;61;61;61;
2812052;"Nowe Miasto Lubawskie (2)";59;59;59;60;
2813032;"Kowale Oleckie (2)";21;20;20;20;
2813043;"Olecko (3)";83;83;83;83;
2813052;"Świętajno (2)";19;18;18;18;
2813062;"Wieliczki (2)";24;24;24;23;
2814013;"Barczewo (3)";55;56;56;56;
2814023;"Biskupiec (3)";66;66;66;65;
2814033;"Dobre Miasto (3)";62;62;61;61;
2814042;"Dywity (2)";71;72;73;74;
2814052;"Gietrzwałd (2)";38;39;39;39;
2814063;"Jeziorany (3)";37;37;37;36;
2814072;"Jonkowo (2)";43;44;44;44;
2814082;"Kolno (2)";18;18;18;18;
2814093;"Olsztynek (3)";37;37;37;37;
2814102;"Purda (2)";27;27;27;27;
2814112;"Stawiguda (2)";38;40;44;47;
2814122;"Świątki (2)";26;25;25;25;
2815011;"Ostróda (1)";2350;2349;2332;2324;
2815022;"Dąbrówno (2)";27;26;26;26;
2815032;"Grunwald (2)";32;32;31;31;
2815042;"Łukta (2)";24;24;24;24;
2815052;"Małdyty (2)";33;33;33;33;
2815063;"Miłakowo (3)";35;35;35;34;
2815073;"Miłomłyn (3)";31;31;31;31;
2815083;"Morąg (3)";79;79;79;78;
2815092;"Ostróda (2)";40;40;40;40;
2816013;"Biała Piska (3)";28;28;28;28;
2816023;"Orzysz (3)";25;25;25;24;
2816033;"Pisz (3)";44;44;44;44;
2816043;"Ruciane-Nida (3)";23;23;22;22;
2817011;"Szczytno (1)";2243;2213;2198;2174;
2817022;"Dźwierzuty (2)";25;25;25;25;
2817032;"Jedwabno (2)";12;12;12;12;
2817043;"Pasym (3)";36;36;36;36;
2817052;"Rozogi (2)";25;25;25;25;
2817062;"Szczytno (2)";37;37;37;38;
2817072;"Świętajno (2)";21;21;21;21;
2817083;"Wielbark (3)";;;;19;
2818012;"Banie Mazurskie (2)";19;18;18;18;
2818022;"Dubeninki (2)";15;15;14;14;
2818033;"Gołdap (3)";56;56;56;56;
2819012;"Budry (2)";17;16;16;16;
2819022;"Pozezdrze (2)";19;19;19;18;
2819033;"Węgorzewo (3)";50;49;49;49;
2861011;"Elbląg (1)";1518;1515;1505;1495;
2862011;"Olsztyn (1)";1958;1959;1951;1947;
3001011;"Chodzież (1)";1493;1478;1463;1447;
3001022;"Budzyń (2)";40;40;41;41;
3001032;"Chodzież (2)";28;28;28;29;
3001043;"Margonin (3)";52;52;53;52;
3001053;"Szamocin (3)";60;60;59;59;
3002011;"Czarnków (1)";1085;1060;1056;1043;
3002022;"Czarnków (2)";33;33;33;33;
3002032;"Drawsko (2)";36;36;36;35;
3002043;"Krzyż Wielkopolski (3)";50;50;50;50;
3002052;"Lubasz (2)";46;46;46;46;
3002062;"Połajewo (2)";44;44;44;44;
3002073;"Trzcianka (3)";65;65;65;65;
3002083;"Wieleń (3)";29;29;29;29;
3003011;"Gniezno (1)";1703;1698;1687;1680;
3003023;"Czerniejewo (3)";65;65;66;66;
3003032;"Gniezno (2)";64;65;67;69;
3003042;"Kiszkowo (2)";47;47;47;48;
3003053;"Kłecko (3)";58;57;57;56;
3003062;"Łubowo (2)";57;58;59;59;
3003072;"Mieleszyn (2)";41;41;41;41;
3003082;"Niechanowo (2)";55;56;56;57;
3003093;"Trzemeszno (3)";82;82;82;82;
3003103;"Witkowo (3)";74;74;74;74;
3004013;"Borek Wielkopolski (3)";59;59;59;59;
3004023;"Gostyń (3)";204;204;205;205;
3004033;"Krobia (3)";101;101;101;100;
3004042;"Pępowo (2)";69;69;69;69;
3004052;"Piaski (2)";86;86;86;86;
3004063;"Pogorzela (3)";52;52;52;51;
3004073;"Poniec (3)";59;59;59;59;
3005012;"Granowo (2)";76;76;77;76;
3005023;"Grodzisk Wielkopolski (3)";149;150;151;151;
3005032;"Kamieniec (2)";50;50;50;50;
3005043;"Rakoniewice (3)";65;65;66;66;
3005053;"Wielichowo (3)";63;64;64;64;
3006013;"Jaraczewo (3)";62;62;61;61;
3006023;"Jarocin (3)";228;228;229;229;
3006032;"Kotlin (2)";89;89;89;89;
3006043;"Żerków (3)";61;61;61;60;
3007012;"Blizanów (2)";63;63;63;63;
3007022;"Brzeziny (2)";46;46;46;46;
3007032;"Ceków-Kolonia (2)";54;54;54;54;
3007042;"Godziesze Wielkie (2)";89;90;90;91;
3007052;"Koźminek (2)";85;85;85;85;
3007062;"Lisków (2)";70;70;70;69;
3007072;"Mycielin (2)";44;44;44;44;
3007083;"Opatówek (3)";;104;104;104;
3007093;"Stawiszyn (3)";92;92;92;91;
3007102;"Szczytniki (2)";71;71;71;71;
3007112;"Żelazków (2)";83;83;83;84;
3008012;"Baranów (2)";106;107;107;107;
3008022;"Bralin (2)";71;71;71;71;
3008033;"Kępno (3)";198;198;198;198;
3008042;"Łęka Opatowska (2)";69;68;68;69;
3008052;"Perzów (2)";50;50;50;50;
3008062;"Rychtal (2)";40;40;40;39;
3008072;"Trzcinica (2)";65;66;66;66;
3009011;"Koło (1)";1617;1605;1588;1566;
3009022;"Babiak (2)";60;60;59;59;
3009032;"Chodów (2)";41;40;40;39;
3009043;"Dąbie (3)";49;49;49;48;
3009052;"Grzegorzew (2)";78;78;78;78;
3009063;"Kłodawa (3)";101;101;100;99;
3009072;"Koło (2)";75;75;75;76;
3009082;"Kościelec (2)";65;65;65;66;
3009092;"Olszówka (2)";56;56;55;55;
3009102;"Osiek Mały (2)";69;70;70;70;
3009113;"Przedecz (3)";55;55;54;54;
3010013;"Golina (3)";121;122;122;122;
3010022;"Grodziec (2)";45;44;44;44;
3010032;"Kazimierz Biskupi (2)";107;107;107;107;
3010043;"Kleczew (3)";91;91;91;90;
3010052;"Kramsk (2)";84;84;85;85;
3010062;"Krzymów (2)";85;86;87;88;
3010073;"Rychwał (3)";71;71;70;70;
3010082;"Rzgów (2)";69;69;70;70;
3010092;"Skulsk (2)";73;72;72;72;
3010103;"Sompolno (3)";76;76;75;76;
3010112;"Stare Miasto (2)";123;124;125;127;
3010123;"Ślesin (3)";96;96;96;97;
3010132;"Wierzbinek (2)";51;50;50;49;
3010142;"Wilczyn (2)";75;75;75;75;
3011011;"Kościan (1)";2722;2720;2722;2650;
3011023;"Czempiń (3)";81;81;81;81;
3011032;"Kościan (2)";79;79;79;80;
3011043;"Krzywiń (3)";56;56;56;56;
3011053;"Śmigiel (3)";94;94;93;93;
3012011;"Sulmierzyce (1)";99;99;99;97;
3012023;"Kobylin (3)";72;73;72;72;
3012033;"Koźmin Wielkopolski (3)";88;88;87;87;
3012043;"Krotoszyn (3)";159;159;158;158;
3012052;"Rozdrażew (2)";66;66;66;66;
3012063;"Zduny (3)";88;88;89;89;
3013012;"Krzemieniewo (2)";74;74;74;73;
3013022;"Lipno (2)";74;76;78;81;
3013033;"Osieczna (3)";71;71;71;72;
3013043;"Rydzyna (3)";67;68;70;71;
3013052;"Święciechowa (2)";59;59;59;60;
3013062;"Wijewo (2)";62;62;62;62;
3013072;"Włoszakowice (2)";74;74;75;76;
3014012;"Chrzypsko Wielkie (2)";39;40;40;39;
3014022;"Kwilcz (2)";45;45;45;45;
3014033;"Międzychód (3)";60;60;60;60;
3014043;"Sieraków (3)";43;43;43;43;
3015012;"Kuślin (2)";52;52;52;52;
3015023;"Lwówek (3)";51;50;50;50;
3015032;"Miedzichowo (2)";18;18;18;18;
3015043;"Nowy Tomyśl (3)";142;143;144;145;
3015053;"Opalenica (3)";110;110;110;110;
3015063;"Zbąszyń (3)";76;76;77;77;
3016013;"Oborniki (3)";100;100;100;101;
3016023;"Rogoźno (3)";84;84;85;85;
3016032;"Ryczywół (2)";48;48;47;47;
3017011;"Ostrów Wielkopolski (1)";1731;1727;1720;1717;
3017023;"Nowe Skalmierzyce (3)";122;123;123;124;
3017033;"Odolanów (3)";107;107;107;108;
3017042;"Ostrów Wielkopolski (2)";92;92;92;92;
3017052;"Przygodzice (2)";74;74;74;75;
3017063;"Raszków (3)";88;88;88;88;
3017072;"Sieroszewice (2)";59;59;59;59;
3017082;"Sośnie (2)";35;35;35;35;
3018012;"Czajków (2)";35;35;35;35;
3018022;"Doruchów (2)";54;54;54;54;
3018033;"Grabów nad Prosną (3)";63;63;63;63;
3018042;"Kobyla Góra (2)";48;48;48;48;
3018052;"Kraszewice (2)";48;48;48;48;
3018063;"Mikstat (3)";70;70;70;69;
3018073;"Ostrzeszów (3)";128;128;128;128;
3019011;"Piła (1)";721;719;715;712;
3019022;"Białośliwie (2)";65;65;65;64;
3019032;"Kaczory (2)";52;52;53;52;
3019043;"Łobżenica (3)";51;50;50;50;
3019052;"Miasteczko Krajeńskie (2)";46;46;45;45;
3019062;"Szydłowo (2)";33;34;34;34;
3019073;"Ujście (3)";62;62;62;62;
3019083;"Wyrzysk (3)";89;88;88;88;
3019093;"Wysoka (3)";55;54;54;53;
3020013;"Chocz (3)";65;65;65;65;
3020022;"Czermin (2)";50;50;50;50;
3020033;"Dobrzyca (3)";71;70;70;70;
3020042;"Gizałki (2)";43;43;43;42;
3020052;"Gołuchów (2)";78;78;79;79;
3020063;"Pleszew (3)";167;167;166;165;
3021011;"Luboń (1)";2322;2343;2353;2364;
3021021;"Puszczykowo (1)";594;591;592;589;
3021033;"Buk (3)";137;138;139;139;
3021042;"Czerwonak (2)";331;333;334;335;
3021052;"Dopiewo (2)";227;238;248;260;
3021062;"Kleszczewo (2)";104;107;113;119;
3021072;"Komorniki (2)";405;424;442;461;
3021083;"Kostrzyn (3)";116;117;118;119;
3021093;"Kórnik (3)";138;145;152;160;
3021103;"Mosina (3)";185;189;193;195;
3021113;"Murowana Goślina (3)";97;98;98;98;
3021123;"Pobiedziska (3)";102;102;103;104;
3021132;"Rokietnica (2)";205;213;224;235;
3021143;"Stęszew (3)";86;86;86;86;
3021152;"Suchy Las (2)";144;147;152;156;
3021163;"Swarzędz (3)";479;489;498;506;
3021172;"Tarnowo Podgórne (2)";250;257;266;276;
3022013;"Bojanowo (3)";72;71;71;71;
3022023;"Jutrosin (3)";62;62;62;61;
3022033;"Miejska Górka (3)";91;90;90;89;
3022042;"Pakosław (2)";62;62;63;63;
3022053;"Rawicz (3)";225;226;226;226;
3023011;"Słupca (1)";1346;1345;1337;1326;
3023022;"Lądek (2)";59;59;58;58;
3023032;"Orchowo (2)";39;39;39;39;
3023042;"Ostrowite (2)";50;50;49;49;
3023052;"Powidz (2)";29;29;29;29;
3023062;"Słupca (2)";64;64;64;64;
3023072;"Strzałkowo (2)";73;73;73;72;
3023083;"Zagórów (3)";57;57;57;56;
3024011;"Obrzycko (1)";630;636;638;635;
3024022;"Duszniki (2)";56;57;58;58;
3024032;"Kaźmierz (2)";65;66;67;68;
3024042;"Obrzycko (2)";41;41;41;40;
3024053;"Ostroróg (3)";59;59;59;58;
3024063;"Pniewy (3)";79;79;80;80;
3024073;"Szamotuły (3)";170;171;171;172;
3024083;"Wronki (3)";63;63;63;63;
3025012;"Dominowo (2)";38;38;38;39;
3025022;"Krzykosy (2)";63;63;64;64;
3025032;"Nowe Miasto nad Wartą (2)";76;76;76;75;
3025043;"Środa Wielkopolska (3)";154;155;156;158;
3025052;"Zaniemyśl (2)";64;65;65;65;
3026012;"Brodnica (2)";51;51;51;51;
3026023;"Dolsk (3)";47;47;47;47;
3026033;"Książ Wielkopolski (3)";58;58;58;57;
3026043;"Śrem (3)";203;203;204;205;
3027011;"Turek (1)";1699;1689;1676;1659;
3027022;"Brudzew (2)";53;53;53;53;
3027033;"Dobra (3)";47;47;47;47;
3027042;"Kawęczyn (2)";51;51;52;51;
3027052;"Malanów (2)";61;61;61;61;
3027062;"Przykona (2)";40;40;41;41;
3027073;"Tuliszków (3)";71;71;71;70;
3027082;"Turek (2)";88;89;90;91;
3027092;"Władysławów (2)";90;90;89;89;
3028011;"Wągrowiec (1)";1427;1436;1438;1441;
3028022;"Damasławek (2)";52;52;52;51;
3028033;"Gołańcz (3)";44;44;43;43;
3028042;"Mieścisko (2)";45;44;44;44;
3028053;"Skoki (3)";48;48;49;49;
3028062;"Wapno (2)";68;68;68;67;
3028072;"Wągrowiec (2)";35;35;35;35;
3029012;"Przemęt (2)";63;63;63;63;
3029022;"Siedlec (2)";62;62;62;62;
3029033;"Wolsztyn (3)";122;122;122;122;
3030012;"Kołaczkowo (2)";52;52;52;52;
3030023;"Miłosław (3)";78;78;78;77;
3030033;"Nekla (3)";78;78;78;79;
3030043;"Pyzdry (3)";51;51;51;50;
3030053;"Września (3)";208;209;211;213;
3031011;"Złotów (1)";1596;1592;1593;1600;
3031023;"Jastrowie (3)";33;33;33;33;
3031033;"Krajenka (3)";40;39;39;39;
3031042;"Lipka (2)";29;29;29;29;
3031053;"Okonek (3)";27;27;26;26;
3031062;"Tarnówka (2)";23;23;23;23;
3031072;"Zakrzewo (2)";30;31;30;30;
3031082;"Złotów (2)";34;34;34;34;
3061011;"Kalisz (1)";1473;1464;1455;1444;
3062011;"Konin (1)";917;910;903;893;
3063011;"Leszno (1)";2014;2015;2007;1993;
3064011;"Poznań (1)";2063;2057;2048;2042;
3201011;"Białogard (1)";947;947;946;938;
3201022;"Białogard (2)";24;23;23;23;
3201033;"Karlino (3)";66;65;65;65;
3201043;"Tychowo (3)";20;19;19;19;
3202012;"Bierzwnik (2)";20;20;20;20;
3202023;"Choszczno (3)";89;89;88;88;
3202033;"Drawno (3)";16;16;16;16;
3202042;"Krzęcin (2)";27;27;27;26;
3202053;"Pełczyce (3)";40;39;39;39;
3202063;"Recz (3)";31;31;31;30;
3203013;"Czaplinek (3)";33;33;32;33;
3203023;"Drawsko Pomorskie (3)";47;47;47;42;
3203033;"Kalisz Pomorski (3)";15;15;15;15;
3203052;"Wierzchowo (2)";19;19;19;19;
3203063;"Złocieniec (3)";79;78;78;58;
3204023;"Goleniów (3)";81;81;81;81;
3204033;"Maszewo (3)";42;42;42;42;
3204043;"Nowogard (3)";73;73;73;73;
3204052;"Osina (2)";30;30;30;30;
3204062;"Przybiernów (2)";22;22;22;22;
3204073;"Stepnica (3)";17;17;17;17;
3205012;"Brojce (2)";32;32;32;32;
3205023;"Gryfice (3)";92;91;91;91;
3205032;"Karnice (2)";31;30;30;30;
3205043;"Płoty (3)";37;37;37;37;
3205072;"Rewal (2)";95;95;95;90;
3205083;"Trzebiatów (3)";73;72;72;71;
3206012;"Banie (2)";31;31;31;31;
3206023;"Cedynia (3)";24;24;24;23;
3206033;"Chojna (3)";42;42;41;41;
3206043;"Gryfino (3)";127;126;126;125;
3206053;"Mieszkowice (3)";31;30;30;30;
3206063;"Moryń (3)";35;35;35;34;
3206072;"Stare Czarnowo (2)";25;25;25;25;
3206083;"Trzcińsko-Zdrój (3)";32;31;31;31;
3206092;"Widuchowa (2)";26;26;26;26;
3207013;"Dziwnów (3)";106;106;106;100;
3207023;"Golczewo (3)";34;34;34;33;
3207033;"Kamień Pomorski (3)";69;69;69;69;
3207043;"Międzyzdroje (3)";57;57;57;56;
3207052;"Świerzno (2)";31;30;30;30;
3207063;"Wolin (3)";37;37;37;37;
3208011;"Kołobrzeg (1)";1810;1814;1806;1802;
3208022;"Dygowo (2)";44;44;44;44;
3208033;"Gościno (3)";44;44;44;44;
3208042;"Kołobrzeg (2)";74;75;76;76;
3208052;"Rymań (2)";27;27;27;27;
3208062;"Siemyśl (2)";35;35;36;36;
3208072;"Ustronie Morskie (2)";65;64;65;65;
3209012;"Będzino (2)";52;52;52;52;
3209022;"Biesiekierz (2)";58;59;60;61;
3209033;"Bobolice (3)";25;25;25;24;
3209042;"Manowo (2)";37;37;37;37;
3209053;"Mielno (3)";;80;79;79;
3209063;"Polanów (3)";23;22;22;22;
3209073;"Sianów (3)";61;61;61;61;
3209082;"Świeszyno (2)";53;54;55;56;
3210013;"Barlinek (3)";76;75;75;74;
3210022;"Boleszkowice (2)";22;22;22;22;
3210033;"Dębno (3)";66;65;65;64;
3210043;"Myślibórz (3)";62;61;61;60;
3210052;"Nowogródek Pomorski (2)";23;23;23;23;
3211012;"Dobra (Szczecińska) (2)";196;204;213;220;
3211022;"Kołbaskowo (2)";117;120;123;127;
3211033;"Nowe Warpno (3)";8;8;8;8;
3211043;"Police (3)";165;165;164;164;
3212012;"Bielice (2)";37;37;37;37;
3212022;"Kozielice (2)";27;27;27;26;
3212033;"Lipiany (3)";63;63;62;61;
3212042;"Przelewice (2)";32;32;32;32;
3212053;"Pyrzyce (3)";96;96;95;95;
3212062;"Warnice (2)";41;41;41;40;
3213011;"Darłowo (1)";690;689;681;678;
3213021;"Sławno (1)";801;795;791;788;
3213032;"Darłowo (2)";30;30;30;30;
3213042;"Malechowo (2)";28;28;28;28;
3213052;"Postomino (2)";31;31;30;30;
3213062;"Sławno (2)";32;31;31;31;
3214011;"Stargard (1)";1424;1418;1413;1411;
3214023;"Chociwel (3)";36;36;37;36;
3214033;"Dobrzany (3)";37;37;36;36;
3214042;"Dolice (2)";34;34;33;33;
3214053;"Ińsko (3)";23;23;22;22;
3214062;"Kobylanka (2)";44;44;45;47;
3214082;"Marianowo (2)";31;31;31;31;
3214092;"Stara Dąbrowa (2)";33;33;33;33;
3214102;"Stargard (2)";41;41;42;43;
3214113;"Suchań (3)";33;33;32;32;
3215011;"Szczecinek (1)";833;831;827;826;
3215023;"Barwice (3)";34;33;33;33;
3215033;"Biały Bór (3)";20;20;20;20;
3215043;"Borne Sulinowo (3)";20;21;21;21;
3215052;"Grzmiąca (2)";24;23;23;23;
3215062;"Szczecinek (2)";19;19;19;18;
3216011;"Świdwin (1)";694;703;697;691;
3216022;"Brzeżno (2)";26;25;25;25;
3216033;"Połczyn-Zdrój (3)";45;45;44;44;
3216042;"Rąbino (2)";21;20;20;20;
3216052;"Sławoborze (2)";22;22;21;21;
3216062;"Świdwin (2)";24;24;24;24;
3217011;"Wałcz (1)";675;669;664;660;
3217023;"Człopa (3)";14;14;14;14;
3217033;"Mirosławiec (3)";27;27;27;27;
3217043;"Tuczno (3)";20;20;20;20;
3217052;"Wałcz (2)";22;22;22;22;
3218013;"Dobra (3)";39;39;38;38;
3218023;"Łobez (3)";63;62;62;61;
3218032;"Radowo Małe (2)";20;20;20;20;
3218043;"Resko (3)";28;28;28;28;
3218053;"Węgorzyno (3)";28;28;27;27;
3261011;"Koszalin (1)";1095;1095;1091;1089;
3262011;"Szczecin (1)";1347;1344;1339;1337;
3263011;"Świnoujście (1)";208;208;202;202;
